Tom and Jerry;E7lwxBBnGEg;Tom & Jerry: Official Trailer (2021);2020-11-17T18:00:02Z;71255;4447;426;566
Tom and Jerry;tlmm6E_bzEM;Tom and jerry bangla || ‡¶ï‡¶ø‡¶Ç ‡¶¨‡ßá‡¶°‡¶º‡¶æ‡¶≤ ||. ‡¶ó‡ßÅ‡¶™‡ßç‡¶§‡¶ß‡¶® ‡¶ú‡¶Ø‡¶º‡ßÄ ‡¶¨‡ßá‡¶°‡¶º‡¶æ‡¶≤ ||;2020-11-18T04:59:28Z;4406;121;11;3
Tom and Jerry;8gkLK10ZnkQ;Tom and Jerry 2018 | Funny Fireworks Explosion + Mexico Mucho Mouse | Cartoons For Kids;2018-10-05T10:00:02Z;3238772;17027;3948;3
Tom and Jerry;WRnArYubtZA;TOM AND JERRY Trailer (2020) Chlo√´ Grace Moretz Movie;2020-11-17T17:06:21Z;326074;10811;486;902
Tom and Jerry;sEbZ2XOJ3gw;TOM AND JERRY Trailer (2021);2020-11-17T17:05:28Z;12847;925;26;109
Tom and Jerry;RxAjEKcZ-GI;WON‚ÄôT BITE (ft. Tom & Jerry) || Meme Remake;2020-11-15T15:05:03Z;112736;24567;73;1060
Tom and Jerry;6MDdREKYNJ0;#React to TOM & JERRY Official Trailer;2020-11-17T18:39:13Z;15144;1184;19;191
Tom and Jerry;AY7MCUDtw0Q;Tom & Jerry (2021) First FOOTAGE Revealed (Teaser Trailer);2020-11-11T14:15:00Z;75846;3522;89;786
Tom and Jerry;NSLWDBQruwo;TOM & JERRY | Movie TRAILER REACTION!!;2020-11-17T18:39:59Z;32748;1853;38;230
Scooby-Doo, Where Are You!;hTq6nwO4oJU;Scooby Doo! Where Are You Season1 Intro;2011-01-14T11:21:22Z;3983838;20618;670;1949
Scooby-Doo, Where Are You!;0_C2HJvtRDY;Scooby Doo Theme Song;2009-02-06T03:46:42Z;36318704;135841;6881;3356
Scooby-Doo, Where Are You!;hIfT-_cknbM;|Scooby Doo Where Are You| Spooky Space Kook;2017-12-18T13:00:06Z;38910;288;6;94
Scooby-Doo, Where Are You!;ed6zI3mQ0NI;Scoob! (2020)/Scooby-Doo Where Are You? title comparison;2020-05-18T17:40:26Z;574633;3133;200;127
Scooby-Doo, Where Are You!;UOj0Z4_xQOg;|Scooby Doo Where Are You S1E16| A Night of Fright Is No Delight: A Bad Hiding Place;2020-01-08T13:00:05Z;20300;115;6;20
Scooby-Doo, Where Are You!;ChNmaeY_Sos;Scooby-Doo intro's 1969-2016 [HQ];2016-08-18T19:33:57Z;4428332;84937;1581;13437
Scooby-Doo, Where Are You!;0APbKn169CM;SCOOB! - Scooby Doo, Where Are You (intro comparison);2020-05-17T03:59:11Z;378307;6190;131;416
Scooby-Doo, Where Are You!;Gx6EA6TR0LM;Scooby-Doo Where Are You Intro - Made with Animal Crossing;2020-10-12T01:44:46Z;157296;4795;87;314
Scooby-Doo, Where Are You!;zLoHqiuxcSI;Scooby Doo, where are you??;2008-06-01T11:13:19Z;8932588;5748;1416;172
Scooby-Doo, Where Are You!;diBckLjJMzg;SCOOB! - "Scooby Doo, Where Are You?" Original Theme;2020-05-15T07:42:40Z;498166;4574;195;259
SpongeBob SquarePants;1ecTZVzjFVM;Every Krabby Patty EVER! üçî | #SpongeBobSaturdays;2019-11-02T14:00:00Z;35652375;189573;24277;3505
SpongeBob SquarePants;HQz3_2peTcc;SpongeBob LongPants   SpongeBob SquarePants Full Episodes;2020-09-27T22:12:50Z;894769;5866;3561;645
SpongeBob SquarePants;lFHsUgs3DUA;SpongeBob SquarePants | Loose Thread | Nickelodeon UK;2019-07-06T11:00:06Z;14827061;60550;10340;600
SpongeBob SquarePants;UvrS8PcBC5A;SpongeBob SquarePants Full Episode | The Krusty Bucket;2020-11-07T18:40:25Z;119576;1052;227;144
SpongeBob SquarePants;W_uXDTxRLB8;Squirrel Record   SpongeBob SquarePants Full Episodes;2020-09-21T13:39:05Z;975985;5687;2640;632
SpongeBob SquarePants;uP-Gy7vOOn4;SpongeBob SquarePants Full Episodes 1 ‚ùÇ SpongeBob SquarePants: Plankton's Robotic Revenge - Joshua;2019-01-02T23:50:47Z;20469720;78121;23849;2973
SpongeBob SquarePants;gjlROumz-pA;Spongebob Squarepants Characters In Real Life;2019-01-13T01:30:01Z;25762224;95428;21794;2812
SpongeBob SquarePants;E-qWLZxUI1k;Pet Sitter Pat - SpongeBob Squarepants Full Episodes;2020-10-14T01:39:43Z;19432;77;28;17
SpongeBob SquarePants;jZFO5A59_f0;SpongeBob SquarePants GROWING UP EVOLUTION üëâ@WANA Plus;2020-09-25T10:41:55Z;3707044;27018;3264;315
SpongeBob SquarePants;HrViuq3p-eg;DJ SPONGEBOB SQUAREPANTS - TAKUPAZ KIDS;2020-01-14T11:09:14Z;8643276;35870;9536;1309
Looney Tunes;OM6xvpzqCUA;LOONEY TUNES BIGGEST COMPILATION: Bugs Bunny, Daffy Duck and more!;2015-04-08T07:53:02Z;50456066;202721;26770;1
Looney Tunes;2T1gBvjWVnE;Looney Tunes 1941-1955 | Classic Compilation  1 | Bugs Bunny | Daffy Duck | Porky Pig | Chuck Jones;2020-06-12T04:00:00Z;312096;2955;252;181
Looney Tunes;pvGFo-B68D0;Looney Tunes 1932-1960 | 5 Hours Compilation | Bugs Bunny | Daffy Duck | Porky Pig | Chuck Jones;2020-07-10T17:00:27Z;3222970;43261;2129;1317
Looney Tunes;mrHLjMTt9gI;Looney Tunes Classic Cartoons Compilation - Bugs Bunny, Porky Pig and More Classics! (Ultra 4K);2018-09-14T13:53:46Z;3968290;15274;2237;818
Looney Tunes;ZJJHL5p9UIE;LOONEY TUNES (Looney Toons): Rookie Revue (1941) (Remastered) (HD 1080p);2013-12-08T20:11:24Z;17412052;137555;10949;4733
Looney Tunes;fealErLf3oQ;Aqu√≠ Conmigo Looney Tunes Letra;2016-06-01T19:22:00Z;1041815;8694;182;34
Looney Tunes;uG1_fgUOBtM;5x Ticket Wheel and Mixing Up  Monsters - Looney Tunes World of Mayhem;2020-11-17T23:16:39Z;1588;33;0;14
Looney Tunes;cwEYSSFKxVg;New Looney Tunes | Regizorul Bugs | Boomerang;2018-11-21T14:00:05Z;1313868;5997;1035;48
Avatar: The Last Airbender;kXShLPXfWZA;FULL Uncut "Aang vs. Fire Lord Ozai Final Battle" üî•| Avatar;2020-03-23T15:46:47Z;35259949;513924;14593;33569
Avatar: The Last Airbender;5Zjmkax2-ig;Why Is Lightning Bending So Common In Korra? [Avatar: The Last Airbender Theory];2020-11-17T22:18:29Z;67759;5103;76;843
Avatar: The Last Airbender;dGUS4iH6h4s;underrated funny moments in avatar the last airbender pt 1;2020-06-14T20:04:11Z;3046006;120143;977;5249
Avatar: The Last Airbender;5WjcDji3xYc;Honest Trailers | Avatar: The Last Airbender;2020-08-11T17:03:59Z;2375531;109411;2646;7911
Avatar: The Last Airbender;uPhU1NNODHg;Every Kiss Ever in Avatar: The Last Airbender! üòö | Avatar;2020-10-24T14:00:16Z;496749;10919;272;1647
Avatar: The Last Airbender;dh8ylN4DYh4;25 Things You Missed In Avatar: The Last Airbender;2020-06-06T18:18:18Z;1180772;26135;1734;2432
Avatar: The Last Airbender;P8aQU-V6xMU;The Avatar: The Last Airbender Timeline Explained;2020-06-03T15:15:01Z;227456;5529;189;501
Avatar: The Last Airbender;Ac0P8D_FddM;Top 10 Amazing Small Details in Avatar: The Last Airbender You Missed;2020-10-30T18:00:02Z;370420;13691;285;940
Avatar: The Last Airbender;jO2Gfm8r4_c;Avatar Chibi Short - School Time Shipping! üî•üíï | Avatar;2020-08-31T14:00:11Z;2515944;53501;1157;4888
Avatar: The Last Airbender;TnwUD56L1hg;Avatar Chibi Short - Bending Battle üí¶‚õ∞üî•üí® | Avatar;2020-07-13T14:00:07Z;5631127;114578;2527;8542
The Tom and Jerry Show;mP0s5s0i20E;The Tom and Jerry Show | Tom The Gym Cat | Boomerang UK üá¨üáß;2019-04-18T17:30:02Z;159929723;625938;216069;35
The Tom and Jerry Show;kRs59FauqkI;The Tom and Jerry Show | Tom, Jerry And The Ball | Boomerang UK üá¨üáß;2019-04-25T17:30:01Z;16703163;60066;17299;2
The Tom and Jerry Show;4VFk76hFyR4;The Tom And Jerry Show - Not My Tyke;2019-05-10T09:39:13Z;23900612;110202;29292;328
The Tom and Jerry Show;uqGAu-IVRB4;The Tom and Jerry Show - Heres Looking A Choo Kid - Funny animals cartoons for kids;2017-10-05T10:44:07Z;201948;721;120;1
The Tom and Jerry Show;9KLt4OGhAQ4;The Tom and Jerry Show - Tom Foolery - Funny animals cartoons for kids;2017-10-05T10:43:56Z;40209;220;24;1
The Tom and Jerry Show;spn-Z1if5YQ;The Tom and Jerry Show | Kong-Fu Tom | Boomerang UK;2018-02-27T18:00:09Z;1178323;5298;600;5
The Tom and Jerry Show;028YkiWdsQE;The Tom and Jerry Show | Cats vs Cucumbers | Boomerang UK;2017-10-11T17:00:01Z;107126328;425033;174342;2
The Tom and Jerry Show;e1m-N-o9zMk;The Tom and Jerry Show | A Better Cat | Boomerang UK;2017-09-19T17:00:05Z;49565349;190000;48171;58
The Tom and Jerry Show;66HbCS-etKw;The Tom and Jerry Show | Bad Winner Puppy | Boomerang UK;2017-08-19T17:00:00Z;35497554;130686;53013;1
The Tom and Jerry Show;C_gipTW3Tk8;Tom and Jerry: Catching Jerry! | Boomerang Africa;2017-05-07T07:00:01Z;16551115;53469;14957;201
The Simpsons;Qa4C2QDAveM;Simpsons Predictions For 2021;2020-11-17T18:15:02Z;52961;2157;300;220
The Simpsons;oG4ciu3aalU;The Simpsons Full Episode | Bart Loves Chemistry;2020-09-09T17:01:43Z;57855;531;50;39
The Simpsons;zbxciJBVbg8;The Simpsons - Secret in the refrigerator;2020-11-01T12:01:59Z;150769;1785;105;128
The Simpsons;a1nmZq1KEHk;The Simpsons: The Simpsons in a indoor Waterpark;2017-06-15T12:57:20Z;3811661;20567;1420;874
The Simpsons;YFnTRslX1rQ;The Simpsons Election Day 2020 Predictive Programming;2020-11-03T16:57:00Z;721254;9284;597;2044
The Simpsons;a8xCeYlkMF0;The Simpsons ~ Homer and Bart tease a shark;2020-04-21T17:00:12Z;118640;918;83;46
The Simpsons;xHfSG8kZLGs;The Simpsons full episode- Homer eats himself;2020-08-09T10:41:00Z;67072;606;42;35
The Simpsons;_34DD5nrgMc;Agreement between Bart and Marge The Simpsons;2020-09-19T13:43:44Z;347773;3274;210;108
The Simpsons;c4EPlKIY3HY;Everything Wrong With The Simpsons Movie In 15 Minutes Or Less;2020-11-17T16:42:05Z;561868;29989;1421;2572
The Simpsons;hUTMigrBnn0;The Simpsons Season 29 Episode 13 - The Simpsons Full Episodes Nocuts;2020-05-26T05:38:40Z;23449;195;22;65
Phineas and Ferb;kZ-IOh9-f90;Dude, We're Getting the Band Back Together üé∏ | Full Episode | Phineas and Ferb | Disney XD;2019-07-06T19:45:02Z;5240490;51801;1790;1707
Phineas and Ferb;lYmYf60vlCM;Phineas and Ferb - Season 4 Episode 25 ‚Äì The Klimpaloon Ultimatum  |  Phineas and Ferb HD 2020;2020-07-09T00:41:09Z;335101;3375;202;201
Phineas and Ferb;2RY12JZ6x_U;Phineas and Ferb - Season 4 Episode 18 ‚Äì Cheers for Fears/Just Our Luck  |  Phineas and Ferb HD 2020;2020-07-13T16:53:14Z;127703;1232;67;73
Phineas and Ferb;fRwrw5aZuK4;Phineas and Ferb Season 4 Ep. 20 - Return Policy ‚Äì Imperfect Storm Full Episode;2020-08-14T13:00:10Z;53473;496;46;28
Phineas and Ferb;l3GefJ-Sp2c;Phineas and Ferb Season 2 Ep. 21 - Phineas and Ferb Christmas Vacation  Full Episode;2020-07-30T15:00:10Z;17066;203;11;17
Phineas and Ferb;3Piwu7ocaCE;Phineas and Ferb Season 2 Ep. 34 - Wizard of Odd Full Episode;2020-08-02T15:00:30Z;18089;186;13;13
Phineas and Ferb;ehhmN6kPDIU;Phineas and Ferb Get Busted!;2018-03-03T08:00:03Z;2009048;19301;838;1351
Phineas and Ferb;7R90clpaG08;Phineas and Ferb Season 3 Ep. 12 - Perry the Actorpus ‚Äì Bullseye! Full Episode;2020-08-06T15:00:12Z;4584;46;0;5
Phineas and Ferb;oFHK-mZsqdk;Phineas and Ferb Season 1 Ep. 26 - Out of Toon ‚Äì Hail Doofania! Full Episode;2020-07-26T16:00:12Z;10839;115;6;8
Phineas and Ferb;bNgG7YTU5qE;Phineas and Ferb Full Episodes Season 3 Episode 39  - Agent Doof;2020-06-04T12:00:25Z;73253;740;102;73
Teen Titans;lCTtVQv5m9w;Teen Titans: Big Sister Came to Visit;2018-10-05T05:23:40Z;3062276;47706;1345;2503
Teen Titans;fxVjtF_-R24;Teen Titans "Go" Clip;2020-04-21T01:21:43Z;166011;2338;133;175
Teen Titans;idS-UK3Ibyc;Teen Titans vs. Terra - Teen Titans;2020-05-31T16:00:19Z;280944;5017;123;660
Teen Titans;LC9zb8wNqrI;Teen Titans vs H.I.V.E - Teen Titans "Final Exam";2020-10-28T12:00:06Z;4330;77;0;11
Teen Titans;t6nFbceOsmU;Teen Titans Go! | Titans Brush Your Teeth | Cartoon Network UK üá¨üáß;2019-05-09T17:00:08Z;41272461;151472;35885;118
Teen Titans;k9h7ZT9S4g4;Teen Titans Go! Season 2 Episode 17 The Mask;2019-04-21T07:46:31Z;205623;1948;151;1
Teen Titans;GD9fuqea-Do;New Teen Titans - Red X Unmasked | DC Nation Short;2020-04-12T20:42:54Z;560920;9444;327;623
Teen Titans;hxZroR1YYfE;Raven's Surprise Birthday - Teen Titans;2020-08-04T19:00:11Z;65100;1754;39;298
Teen Titans;J4cxUhBQCzM;Teen Titans Ghost Riders-Bowser12345;2019-10-27T18:33:39Z;4867191;58688;6426;672
Teen Titans;knSNArN8vVw;Teen Titans Go In Real Life üí• All Characters üì∑Video | Tup Viral;2020-05-30T10:47:13Z;8957531;52840;8819;755
Rick and Morty;K8DaX0FFthc;Morty Resets His Life | Rick and Morty | adult swim;2020-05-21T16:00:17Z;14906205;276141;6001;23689
Rick and Morty;9_LTYgUL8t8;Rick and Morty - Best Moments | Season 3;2020-04-14T20:26:38Z;3196938;36417;1475;1176
Rick and Morty;s_1lP4CBKOg;RICK'S FUNNIEST LINES | Rick and Morty 2018;2018-06-06T04:24:56Z;1842510;21173;834;851
Rick and Morty;YbQ32O0Xvcs;Rick and Morty | All Specials and Shorts;2018-11-28T05:35:47Z;163320;2399;87;81
Rick and Morty;BSF5yoD-vC4;Samurai & Shogun (Rick and Morty) | adult swim;2020-03-29T04:12:40Z;11825769;554838;13863;25218
Rick and Morty;-kdltv_CSHE;Rick and Morty vs. Genocider | A Special Rick and Morty Anime Short | Adult Swim Con;2020-07-26T04:35:00Z;6133267;275819;7111;16709
Rick and Morty;lTO0OO81I7c;Rick and Morty Season 4 Uncensored Parts (1-5 eps);2020-04-08T21:35:03Z;139978;1965;65;112
Rick and Morty;EBYsx1QWF9A;Rick and Morty x Run The Jewels: Oh Mama | Adult Swim;2018-03-16T14:00:18Z;30592244;723147;15039;26797
Rick and Morty;ZESe53re8Ms;Rick and Morty - Best Moments | Season 4;2020-10-09T19:52:34Z;19452;365;16;28
Rick and Morty;a_gfN3FGblk;Rick and Morty funniest moments   best moments 2019;2019-01-23T07:51:14Z;292426;3248;147;161
Gravity Falls;7gYDoPosZgM;Top 10 Greatest Gravity Falls Guest Voice Actors;2020-11-17T13:00:01Z;57533;2723;43;258
Gravity Falls;FLD9kz64wfY;25 Twisted Gravity Falls Facts That Will Surprise Longtime Fans;2019-04-16T21:00:01Z;6167670;84669;2719;5474
Gravity Falls;_Jbq2EEPG14;Film Theory: Gravity Falls ISN'T OVER! (Bill Cipher LIVES!);2017-12-16T19:15:51Z;14128410;330848;6222;59273
Gravity Falls;g_gtldDT8E8;Gravity Falls Creator Hints at NEW SHOW...;2020-11-11T20:25:13Z;76739;4695;63;916
Gravity Falls;begz646cJik;Gravity Falls Is Coming Back In 2021! Season 3;2020-07-24T20:00:14Z;138329;3994;2303;1919
Gravity Falls;03EuZ8SS8fs;Gravity Falls Season 3 WILL NEVER HAPPEN.;2020-08-21T22:25:19Z;35867;1424;252;808
Gravity Falls;ntVXnpB0IGA;The Absurd Genius Of Gravity Falls;2020-02-12T18:30:06Z;1366734;89984;741;3804
Gravity Falls;XPBDZ3Sse0s;20 Times Gravity Falls Was Not Meant For Kids;2019-08-02T16:45:01Z;701841;10931;656;667
Gravity Falls;lT8DC4v9h-8;Gravity Falls Memes;2020-09-25T17:22:38Z;263415;20855;252;2696
Gravity Falls;38uv-vSRp_o;Gravity Falls Characters In Real Life;2019-03-21T20:00:01Z;4719617;38584;4101;950
The Bugs Bunny Show;D63UB6BWh9U;The Bugs Bunny Show;2012-08-23T17:16:39Z;80282;514;18;29
The Bugs Bunny Show;VmOXZbpL5gg;The Bugs Bunny Show - Do or Diet - Bridging Sequences;2020-04-09T07:12:06Z;2680;45;0;4
The Bugs Bunny Show;JLAQpaP2Hio;The Bugs Bunny Show - The Honeymousers - Bridging Sequences;2020-03-05T11:10:17Z;1028;20;0;5
The Bugs Bunny Show;Z0QMQ5eqDpA;Bugs Bunny Show  Bugsy And Mugsy;2020-07-10T15:19:09Z;93811;1014;38;263
The Bugs Bunny Show;ZCWIOoArPxA;Vintage Commercials from the Bugs Bunny Show;2017-06-27T11:10:38Z;4835;62;2;6
The Bugs Bunny Show;MK5xuDpa6Bg;The Bugs Bunny Show - Bad Time Story - Bridging Sequences;2020-03-27T18:33:58Z;2161;31;0;10
The Bugs Bunny Show;KAen5l-W5lY;The Bugs Bunny Show - Ballpoint Puns - Bridging Sequences;2020-03-29T19:00:03Z;1356;27;0;1
The Bugs Bunny Show;VmntYtLPM5k;The Bugs bunny Show Releted Things I Found (1000 Suscriber Special);2018-04-27T21:44:21Z;12610;141;9;33
The Bugs Bunny Show;WowalkW6lKg;The Bugs Bunny and Tweety Show Intro (1990's) - High Quality;2011-04-03T05:12:57Z;456703;1807;45;43
The Bugs Bunny Show;T8egdRZQknw;LOONEY TUNES (Looney Toons): BUGS BUNNY - Bugs Bunny Show TV Commercials (HD 1080p);2016-02-20T03:25:50Z;75117;257;37;20
What's New, Scooby-Doo?;3Fzi4lBzqIg;Simple Plan - What's New, Scooby-Doo? (Cartoon's Theme Song) | On Netflix;2012-04-08T22:28:59Z;8208256;163538;1837;5652
What's New, Scooby-Doo?;1ZMd1AT3iAE;Simple Plan What's New Scooby Doo Official Theme Song;2017-10-11T15:33:22Z;1562618;31334;324;1001
What's New, Scooby-Doo?;8FQiAj5mdHY;Simple Plan - What's new Scooby Doo (Long Version) [HD HQ + Lyrics];2013-03-04T12:28:57Z;1705139;27958;494;895
What's New, Scooby-Doo?;JI-KMDm8x0U;What's New Scooby-Doo Intro HD;2017-09-16T05:44:49Z;199703;4113;61;305
What's New, Scooby-Doo?;ZT1Rd5zAsB0;Simple Plan ‚Äì What's New, Scooby-Doo? (Live at Irving Plaza 2016);2016-10-13T22:55:37Z;990451;35883;282;402
What's New, Scooby-Doo?;VUkxDyqRsbc;SCOOB! - "What's New, Scooby Doo" by Anarbor;2020-05-15T22:32:06Z;694924;7307;281;231
What's New, Scooby-Doo?;iDeqdrztcJM;Whats New Scooby Doo;2016-05-14T19:10:16Z;190786;2638;66;180
What's New, Scooby-Doo?;VTBwpp50r9E;What's New Scooby Doo;2009-09-16T20:23:11Z;2131648;4049;314;265
What's New, Scooby-Doo?;-3bOdGMH74I;What's New Scooby Doo the clones of the Scooby gang get unmasked;2019-03-22T19:07:35Z;47948;363;16;3
What's New, Scooby-Doo?;OigvrghF4_E;What‚Äôs New Scooby-Doo? Theme song (1 Hour Version);2020-07-07T00:50:25Z;76846;1416;30;101
The Fairly OddParents;tmSN0Ct2T7Q;FAIRLY ODD PARENTS FULL EPISODES 2020;2020-06-13T09:49:14Z;195372;2031;129;171
The Fairly OddParents;8mC6PVF4Lfk;The Fairly OddParents - Full Episodes - Best 3 Hours Compilation;2020-08-15T01:12:16Z;73052;487;41;27
The Fairly OddParents;PHdKleeJdI8;The Fairly Oddparents S9 New Episodes Part 5   Best 2 Hours Compilation;2020-06-12T08:50:54Z;242135;1811;178;137
The Fairly OddParents;uCw3Cwa-oAc;The Fairly OddParents - You Doo / Just Desserts - Ep. 60;2014-12-15T21:22:50Z;6508179;22110;2717;1
The Fairly OddParents;5JtYJmiwawY;The Fairly OddParents - Back to the Norm / Teeth for Two - Ep. 65;2014-12-15T21:22:22Z;3511181;16072;1594;68
The Fairly OddParents;w6dBPi42SHY;The Fairly Oddparents S10 New Episodes Part 4   Best 6 Episodes Compilation;2020-06-12T14:50:25Z;71937;653;45;80
The Fairly OddParents;fNdrsMQXJvI;The fairly OddParents TIMVISIBLE;2020-10-11T17:56:12Z;5362;88;2;9
The Fairly OddParents;NAet4bzQUew;The Fairly OddParents: A Vicious Vicky Special;2018-06-20T13:00:05Z;6226470;28669;3103;5
The Fairly OddParents;a5piLbcKi98;The Fairly OddParents S10 Part 1   Best 5 Episodes Compilation;2020-06-12T08:39:58Z;55575;450;28;58
The Fairly OddParents;ocdiKz8jEEY;The Fairly Oddparents Full Season Full Episodes 24/7 LIVE;2019-05-29T19:02:24Z;352049;2344;278;17
Wile E. Coyote and The Road Runner;3aDvTJCr42k;The Road Runner Show | Road Runner vs Wile E. Coyote - Full Episode | Classic Funny Cartoons;2018-08-29T08:22:36Z;171527;699;71;43
Wile E. Coyote and The Road Runner;XCJwcNmGxRc;Wile  E Coyote Best Moments 1;2018-10-06T12:23:01Z;148947;932;58;2
Wile E. Coyote and The Road Runner;Yt0FTp9eaPs;Road Runner vs. Wile E. Coyote [Compilation 3D] (2014);2019-08-16T05:34:17Z;339581;1286;219;85
Wile E. Coyote and The Road Runner;gi5Hm2MfyjU;The Roadrunner and the Coyote - New episodes  from The Looney Tunes Cartoons;2020-06-11T20:16:17Z;181966;1223;84;111
Wile E. Coyote and The Road Runner;9zK5lcNtAko;WB Toons Wile E Coyote & Roadrunner;2019-02-14T20:35:46Z;280093;1418;156;12
Wile E. Coyote and The Road Runner;XPJXpyBZ8I8;Wile E. Coyote and The Road Runner [episode] 1-10;2016-04-24T16:24:05Z;1451942;2782;536;203
Wile E. Coyote and The Road Runner;j8pJR8k1E5g;Top 23 Wile E. Coyote moments | Compilation;2020-07-11T06:13:11Z;4059;35;1;3
Wile E. Coyote and The Road Runner;JtgMmJZ3myM;Wile E Coyote & Roadrunner - Flash In The Pain;2018-07-11T20:22:30Z;83283;780;47;18
Wile E. Coyote and The Road Runner;BDsMjgOgBWo;Road runner and wile E coyote Ninja Fight  Part 4  - Funny Cartoon;2017-11-25T14:16:13Z;400596;1557;198;30
Wile E. Coyote and The Road Runner;riSCckPlits;A Wile E. Coyote Christmas;2016-12-25T01:02:12Z;14900;97;3;1
DuckTales;XcOWOLX1z14;Woo-oo! üí∏ | Full Episode | DuckTales | Disney Channel;2018-04-10T15:00:06Z;17890533;50578;6065;1359
DuckTales;7p24SdDTL2w;DuckTales 2017 Season 3 Episode 16 "The First Adventure!" (Part 4);2020-11-16T10:58:49Z;43477;703;6;211
DuckTales;m7YZdd-GeVQ;DuckTales 2017 Season 3 Episode 16 "The First Adventure!" (Part 1);2020-11-16T10:51:32Z;44043;894;3;106
DuckTales;O1L1n6L7V_s;DuckTales 2017 Season 3 Episode 16 "The First Adventure!" (Part 2);2020-11-16T10:54:52Z;37246;568;5;77
DuckTales;cS5rl_wULWE;Ducktales S03 E13 in English | English subtitles;2020-05-19T17:58:03Z;30282;241;22;23
DuckTales;440-mf62f0Y;DuckTales 2017 Season 2 Episode 12 "Nothing Can Stop Della Duck!" (Part 2);2020-07-10T11:03:00Z;83134;1087;14;172
DuckTales;yt5R28GvTUg;DuckTales 2017 Season 3 Episode 16 "The First Adventure!" (Part 3);2020-11-16T10:56:39Z;38971;571;2;120
DuckTales;SnYSrGJb7cU;Ducktales 2017 SEASON 3 EPISODE 15 "NEW GODS ON THE BLOCK!" PART 3;2020-11-09T12:12:36Z;22343;406;10;162
DuckTales;7GPTKD4mM3E;Ducktales 2017 SEASON 3 EPISODE 16 "THE FIRST ADVENTURE!" PART 4;2020-11-16T12:25:48Z;9722;277;4;81
DuckTales;Og1hllA_VHI;Daisy and Donald Kiss | New Gods on the Block Clip | Ducktales 3x15 Clip;2020-11-09T09:27:11Z;200476;5094;69;388
Dexter's Laboratory;8SOnPsZbALQ;Dexter's Laboratory | Trapped with a Vengeance | Cartoon Network;2019-01-05T11:46:30Z;828062;5144;306;159
Dexter's Laboratory;9v2UA0nFLdI;Dexter's Laboratory | Dexter Meets Mandark | Cartoon Network;2017-10-13T16:05:04Z;1122606;9252;391;186
Dexter's Laboratory;fTJYHijAKLs;Dexter‚Äôs Laboratory: Ego Trip (1999) (Clear Quality);2020-11-05T18:11:50Z;3366;64;3;43
Dexter's Laboratory;YVY6f-hqEGo;Dexter's Laboratory | Dexter's First Invention | Cartoon Network;2018-01-06T12:00:02Z;1072775;6804;418;91
Dexter's Laboratory;M-zhERSzzb4;Dexter's Laboratory | Dee Dee's Science Project | Cartoon Network;2018-06-16T13:32:12Z;906874;5438;401;70
Dexter's Laboratory;XqICeUJpWnQ;Dexter's Laboratory | Monster Panic | Cartoon Network;2017-11-25T12:00:02Z;872676;4004;366;72
Dexter's Laboratory;e4FIvM_gvqM;Dexter's Laboratory | Rude Awakening | Cartoon Network;2018-10-20T08:00:04Z;1299695;7739;557;316
Dexter's Laboratory;jG4Ij4btLWw;Dexter's Laboratory | Handsome Dexter | Cartoon Network;2017-10-13T16:05:03Z;367850;3237;114;32
Dexter's Laboratory;FYv4AtCz2Js;Dexter's Laboratory | Mandark's Sister | Cartoon Network;2019-03-02T09:00:00Z;1813797;12017;1405;160
Dexter's Laboratory;RUHramGSklM;Dexter's Laboratory | Detention | Cartoon Network;2018-05-19T08:47:44Z;945077;4987;338;177
Courage the Cowardly Dog;lLoDUh33-70;Courage the Cowardly Dog | Say ARGH! | Cartoon Network;2018-06-30T09:38:37Z;11557917;41702;9424;39
Courage the Cowardly Dog;Faq4wNUCufM;Top 10 Scariest Courage the Cowardly Dog Episodes;2018-10-27T17:30:00Z;1834333;37296;2494;7729
Courage the Cowardly Dog;PW0Z-C5ywuU;Courage The Cowardly Dog | Fire Breathing | Cartoon Network;2019-03-02T09:00:08Z;1169921;6597;771;63
Courage the Cowardly Dog;sqEpxsqAB5o;Courage The Cowardly Dog | Dangerous Diner | Cartoon Network;2018-09-29T09:03:00Z;2555909;16887;1367;441
Courage the Cowardly Dog;1kaoylSURwo;Courage The Cowardly Dog | Classic Cartoon Christmas Compilation | Cartoon Network;2017-12-23T12:21:40Z;121960;653;119;1
Courage the Cowardly Dog;kKnC674-ZDU;Courage The Cowardly Dog | King Ramses' Curse | Cartoon Network;2017-10-13T22:19:29Z;2176364;20310;813;551
Courage the Cowardly Dog;jx9py8gRB_I;Courage the Cowardly Dog | Fattening Flan | Cartoon Network;2018-05-05T10:32:49Z;4915722;17754;3649;342
Courage the Cowardly Dog;_J4NdAuRnIc;Courage the Cowardly Dog | Creepy Guest | Cartoon Network;2018-06-23T08:00:02Z;1067976;13895;502;595
Courage the Cowardly Dog;ydD9DtbRv7E;Courage The Cowardly Dog | Deadly Duckling | Cartoon Network;2017-10-28T12:00:09Z;768253;4125;453;96
Courage the Cowardly Dog;XjrfLO6rHMI;COURAGE THE COWARDLY DOG - Movie Teaser Trailer (2021) HD;2019-10-07T01:45:09Z;1176891;9541;4129;1749
Teenage Mutant Ninja Turtles;YNBl-dsgNfg;Teenage Mutant Ninja Turtles Season 1 Episode 1 - Turtle Tracks;2019-09-02T07:04:31Z;835786;6588;315;204
Teenage Mutant Ninja Turtles;pyn4FLi-5jw;Teenage Mutant Ninja Turtles Season 1 Episode 3 - A Thing About Rats;2020-01-24T15:43:00Z;541947;2638;329;89
Teenage Mutant Ninja Turtles;uATEOd4FSfg;Teenage Mutant Ninja Turtles - Season 7 Episode 2 - Karate Schooled;2020-05-03T17:02:10Z;337828;2504;353;138
Teenage Mutant Ninja Turtles;LNXDORibqkE;Teenage Mutant Ninja Turtles | Original Titelsong | Nickelodeon Deutschland;2013-08-20T09:54:08Z;39592353;154620;15936;105
Teenage Mutant Ninja Turtles;VhSJycrJM94;Teenage Mutant Ninja Turtles Full Episodes | TMNT Cartoon 2016  - noSleep Pro;2017-07-31T21:33:46Z;325580;2299;269;5
Teenage Mutant Ninja Turtles;cS-NPzaDX80;Teenage Mutant Ninja Turtles (2014) Shredder vs Turtles FInal Fight;2020-02-03T17:50:49Z;198622;2686;93;309
Teenage Mutant Ninja Turtles;RTHdDxOKX68;Turtles vs Shredder | Teenage Mutant Ninja Turtles (1990);2017-11-02T22:35:50Z;3163857;27268;865;8466
Teenage Mutant Ninja Turtles;PuKzGYxh_mU;Teenage Mutant Ninja Turtles | Theme Song (Karaoke Version) | Nick;2014-05-16T12:30:40Z;7118758;26099;2362;38
Teenage Mutant Ninja Turtles;EpDMgxFWKQ8;Teenage Mutant Ninja Turtles: Out of the Shadows (1/10) TMNT 2 Basketball Scene(2016) Movieclip HD;2020-03-22T15:04:08Z;190734;1786;66;118
Teenage Mutant Ninja Turtles;DTuwZIefy_4;Teenage Mutant Ninja Turtles - Season 5 Episode 9 - Fathers and Sons;2020-04-24T16:27:03Z;158708;1672;94;196
Pok√©mon;A9C8ohSRpZo;*I OPENED IT!* Unbelievably RARE Pokemon Cards Opening!;2020-11-17T19:00:01Z;120599;6775;101;630
Pok√©mon;AiKmub6B7ac;*NEW* The BIGGEST Pok√©mon Vivid Voltage Booster Opening;2020-11-15T16:30:00Z;117356;8146;106;831
Pok√©mon;6JtXuvJiC5M;MY VIVID VOLTAGE POK√âMON CARD BINDER! Completed Set?!;2020-11-06T16:30:00Z;140996;5584;94;664
Pok√©mon;WLAR6Db7rd8;Which Pok√©mon COULD Be Starters?;2020-11-17T16:15:01Z;272212;17661;201;3431
Pok√©mon;pYczXY6A9_4;Pok√©mon : Ailes du cr√©puscule ‚Äì Une r√©union de stars;2020-11-17T15:06:25Z;22021;1600;18;153
Pok√©mon;MJOEpB7L0y0;REAL LIFE POKEMON BATTLE! Pokemon Billionaire Box Fort (24 Hour Challenge);2020-11-16T20:50:58Z;129068;7698;197;727
Pok√©mon;WkcBOXeChmU;O NOVO FILME DE POK√âMON √â UMA LOUCURA!;2020-11-17T22:00:05Z;49379;8728;104;590
Pok√©mon;FgKvvHaleRY;Small But Mighty Collection | Pok√©mon TCG;2020-11-17T21:59:58Z;168072;11902;103;1325
Pok√©mon;1Bf2k3HY3GQ;Pok√©mon the Movie: Koko a.k.a Coco „Éù„Ç±„É¢„É≥„Ç≥„Ç≥ Official Final Trailer (2020) Pok√©mon Movie 23 HD;2020-11-15T12:58:17Z;48118;1231;25;289
Pok√©mon;MrRjaQ2nMXs;Pok√©mon: Alas del Crep√∫sculo-Una reuni√≥n de estrellas;2020-11-17T15:09:25Z;54738;5284;40;346
The Pink Panther;59lKdaXX6Eo;The Pink Panther Season 1 Episode 1;2011-11-11T06:42:38Z;42848633;155224;19253;116
The Pink Panther;ZdQweZuxR3E;Pink Panther, The Pepperoni King | 35 Minute Compilation | Pink Panther & Pals;2019-05-25T14:00:04Z;51454069;270629;46804;2013
The Pink Panther;wI5fS0O6TrE;The Pink Panther in "Come on In! The Water's Pink";2014-04-14T16:47:13Z;60055431;250700;50411;449
The Pink Panther;rdjnkb4ONWk;The Pink Panther Show Episode 59 - Slink Pink;2012-10-18T07:13:23Z;60286006;317941;53888;32
The Pink Panther;RzriJpYiGjw;The Pink Panther in "Pink Panic";2014-04-14T16:47:15Z;31644373;87691;15875;1607
The Pink Panther;FETaXhxCOeA;The Pink Panther Show Episode 45 - Twinkle, Twinkle Little Pink;2012-10-11T08:35:12Z;102937552;448284;73812;6
The Pink Panther;41aGCrXM20E;The Pink Panther in "The Pink Phink";2014-04-14T16:12:00Z;71271409;119754;23453;163
The Pink Panther;niA3u5-GF9I;Pink Panther And The Shower Battle | 35 Minute Compilation | Pink Panther & Pals;2019-09-28T14:00:06Z;14309148;105688;18096;438
The Pink Panther;bZsqdTrr1eM;The Pink Panther in "The Pink Pill";2014-04-14T16:40:37Z;81002027;152348;29293;181
The Pink Panther;ObV6-zeFlE4;The Pink Panther in "Slink Pink";2014-04-14T16:48:26Z;13835619;26062;4220;185
Adventure Time;PvC27pQa-p0;Adventure Time:  Distant Lands ‚Äì Obsidian | First Four Minutes | HBO Max;2020-11-16T18:00:13Z;95597;5811;64;620
Adventure Time;QPKwDW7ee_k;Adventure Time: Distant Lands Obsidian - Official Trailer;2020-11-09T18:07:44Z;1047030;62094;1503;4451
Adventure Time;oiLdWXLXDeA;The Complete Adventure Time Timeline | Channel Frederator;2019-03-16T14:00:05Z;8536781;198158;3951;8937
Adventure Time;UPsdJDfeomc;Adventure Time | Time Sandwich | Cartoon Network;2019-11-09T09:00:07Z;797894;11114;334;91
Adventure Time;UUZbGYiolg8;Every Marceline Song Ever | Adventure Time | Cartoon Network;2019-05-15T18:30:00Z;4683101;197130;1139;1846
Adventure Time;VtVxmaQ6qt8;Adventure Time | Beyond the Grotto of the Sea Nymph | Cartoon Network;2019-10-12T08:00:02Z;1245282;9629;495;106
Adventure Time;HxYYtxGrszw;Adventure Time | Finn Has To Go Dentist | The Dentist | Cartoon Network;2019-05-25T08:00:01Z;4190835;36890;1772;599
Adventure Time;__ikWKY-vCc;Adventure Time | Little Dude | Cartoon Network;2019-07-16T08:00:04Z;1878928;11290;1089;110
Adventure Time;uShlSNuCDDg;The DARKEST Adventure Time Moments;2020-07-11T18:37:14Z;566044;22390;375;1648
Adventure Time;zn2MVsBpEr4;Adventure Time | Baby Finn Dancing And Singing in Bathroom  (Clip) | Cartoon Network;2017-05-27T11:00:05Z;2477547;24944;887;85
South Park;TO71hixH1sY;Cartman Seeks Mature Friends Online - SOUTH PARK;2020-11-17T17:00:06Z;71893;2670;26;305
South Park;j1PvB3lpKRg;Does Cartman Have a Period? - SOUTH PARK;2020-11-16T17:00:12Z;97918;3100;39;254
South Park;Cl9Wg_8nmCM;South Park Funny Moments for 30 minutes;2020-02-06T12:22:08Z;1617993;25649;640;1328
South Park;u8xscMwM_cc;Where Are the Missing Ballots? - SOUTH PARK;2020-11-04T17:00:31Z;1241742;28838;467;2422
South Park;yBYbmDFIQ_I;South Park Raising The Bar PART 1;2020-09-16T15:56:44Z;243526;4324;50;257
South Park;q0385781MOk;Girls' Volleyball Team Sits Down During National Anthem in Protest - SOUTH PARK;2020-11-06T17:00:11Z;175074;5276;89;488
South Park;e2ZOyuEcEz4;South Park Junior Detectives Solve a Potentially Violent Crime - SOUTH PARK;2020-11-13T17:00:30Z;98101;3347;42;263
South Park;uo63QQsm5Dw;South Park Police Equipped To Manage Town in Chaos - SOUTH PARK;2020-10-06T16:00:21Z;1171033;24524;446;2851
South Park;KNMRD9nCASw;Was Randy Responsible For the COVID-19 Pandemic? - SOUTH PARK;2020-10-02T16:00:08Z;1604904;30346;604;2596
South Park;Hq7ysA7agNE;Walmart Opens in South Park;2019-11-28T13:21:34Z;157376;2299;65;172
Animaniacs;Mh_vASjvYQE;Animaniacs Jurassic Park Clip | A Hulu Original;2020-10-11T17:28:05Z;1917153;79078;1040;7536
Animaniacs;5pOFKmk7ytU;Nations of the World -  With Lyrics -  Animaniacs;2013-06-01T20:38:26Z;28932794;476305;13086;10190
Animaniacs;nZxU_YnduY4;Animaniacs - Official Sneak Peek (2020);2020-09-14T22:00:06Z;1726691;83404;777;8023
Animaniacs;JtgmWtaCPM0;ANIMANIACS 'We're Back' Official TV Spots + Trailer (NEW 2020) Hulu Original Series Animation HD;2020-11-16T12:30:03Z;84017;2045;52;231
Animaniacs;oc3xTj3g9QQ;Animaniacs - The Presidents Song;2010-05-28T17:48:28Z;4376434;40918;988;101
Animaniacs;CKY5zHILK00;Animaniacs - The Monkey Song;2010-05-28T17:40:05Z;1989971;12054;374;65
Animaniacs;JSdKZphms60;Animaniacs Season 1 Episode 1;2011-07-18T01:08:38Z;774750;4145;212;79
Animaniacs;l6YI70YdAPs;Evolution of ANIMANIACS - 27 Years Explained | CARTOON EVOLUTION;2020-11-17T14:00:14Z;57569;2076;27;434
Animaniacs;MeOrUvOPfgg;Animaniacs - Official Trailer (2020);2020-10-21T17:12:29Z;1099065;67786;1457;5647
Animaniacs;ATkHXy8E360;ANIMANIACS Jurassic Park Official Promo Clip (NEW 2020) Hulu Original Series Animation HD;2020-10-12T13:45:01Z;151772;4828;95;545
Futurama;0oaa6bdKyD4;Futurama - Rebirth | Full Episode NoCuts;2020-10-01T05:30:00Z;58448;726;50;47
Futurama;Om4fFGlXJ_4;Futurama - Attack of the Killer App | Full Episode NoCuts;2020-10-01T23:00:05Z;32039;341;23;25
Futurama;XSK08u6x1Vw;Futurama - Cold Warriors part 1/2;2020-02-29T01:30:35Z;245345;1989;139;221
Futurama;iPiCsTSfPMU;Futurama - Assie Come Home | Full Episode NoCuts;2020-10-06T20:15:03Z;5486;78;3;11
Futurama;0D0u3v8slxI;Futurama - The Deep South | Full Episode NoCuts;2020-10-19T21:00:01Z;13954;175;14;26
Futurama;QhffZwf3Brg;Futurama - Fun on a Bun | Full Episode NoCuts;2020-10-05T00:15:01Z;12603;148;8;11
Futurama;1fhzfnSPsSY;Futurama - Anthology of Interest I | Full Episode NoCuts;2020-10-20T23:00:00Z;6022;94;4;4
Futurama;NnKbI4YPYyg;Futurama: Bender‚Äôs trip to Robot Heaven | S1 e9 Full Episodes (NoCuts);2020-10-22T12:47:41Z;1043;6;0;3
Futurama;Y6UZKYBsz1s;Futurama - Meanwhile | Final Episode of the Last Season NoCuts;2020-10-07T20:00:07Z;6922;128;1;13
Futurama;3dKKpySFv8s;Futurama - Bender's Big Score Part 1;2020-06-09T02:44:57Z;119690;1330;82;85
Popeye the Sailor;yZi5plJeLYY;POPEYE THE SAILOR MAN: Blow Me Down! (1933) (Remastered) (HD 1080p) | William Costello;2013-11-30T04:27:57Z;788615;6960;250;601
Popeye the Sailor;miw_Jw7j2sE;POPEYE THE SAILOR MAN: Meets Ali Baba's Forty Thieves (1937) (Remastered) (HD 1080p) | Jack Mercer;2013-12-03T13:41:10Z;3471007;23295;1612;1549
Popeye the Sailor;1z6pL4T8gPk;Popeye The Sailor Man Cartoon | Meets Sindbad the Sailor | Max Fleischer;2017-03-02T20:30:01Z;20644;115;9;3
Popeye the Sailor;COHxBuuDdoM;Popeye The Sailor Man - Morning, Noon, and Nightclub;2015-06-22T19:55:04Z;81584;504;13;46
Popeye the Sailor;nffXvVVKcLs;Popeye Episodes 1;2012-09-16T01:02:36Z;9136309;45347;3552;835
Popeye the Sailor;Qia-QoAmiVI;"Popeye the Sailor Meets Ali Baba's Forty Thieves" (1937) by Dave Fleischer;2016-04-01T18:40:26Z;113884;606;34;151
Popeye the Sailor;JqNBFJhlDkI;Popeye The Sailor Man - Popeye Meets Sindbad The Sailor;2018-05-18T14:11:34Z;53551;345;31;33
Popeye the Sailor;pVjEyhTCeYA;POPEYE THE SAILOR MAN: Ancient Fistory (1953) (Remastered) (HD 1080p) | Jackson Beck, Jack Mercer;2013-12-03T14:42:03Z;407562;1885;130;160
Popeye the Sailor;DA81hz1M0as;Popeye The Sailor Man | Bride and Gloom;2017-01-22T23:32:50Z;15727;58;18;1
Popeye the Sailor;Sv7IH291KBo;POPEYE THE SAILOR MAN: Aladdin and His Wonderful Lamp (1939) (Remastered) (HD 1080p) | Margie Hines;2013-12-03T14:08:21Z;1594218;9134;680;658
Tweety and Sylvester;PtzaMHjf_3Q;Looney Tunes | A Mouse Divided 1953;2020-01-13T13:45:00Z;66724;765;28;121
Tweety and Sylvester;rQlTud9mc8k;I Tawt I Taw a Puddy Tat with Sylvester, Tweety and Granny;2018-07-11T20:07:50Z;1536242;9672;1071;273
Tweety and Sylvester;4vq3GBAUiU4;Restored & Unreleased Sylvester & Tweety (PART 2) | Cartoon Compilation | The Looney Tunes Critic;2020-05-18T17:00:05Z;10357;99;16;58
Tweety and Sylvester;0H521bUTMDU;Best of Sylvester Compilation;2018-02-24T22:36:10Z;152902;1194;75;24
Tweety and Sylvester;FMaDzcAc4EA;TWEET & LOVELY;2017-01-12T10:36:10Z;136628;788;47;8
Tweety and Sylvester;AdVBU-gS2xo;Tweety And Sylvester's Song;2007-09-18T12:05:48Z;3063729;1355;236;2
Tweety and Sylvester;CR1zv67q-O0;Sylvester Eats Tweety Bird;2018-05-11T01:10:18Z;38493;214;15;171
Tweety and Sylvester;0tOguAkC2uw;Looney Toons   Tweety And Sylvester   Fowl Weather cut;2016-05-26T21:16:04Z;3430949;11234;2420;74
Tweety and Sylvester;lGuFHxRZGfo;Evolution of SYLVESTER & TWEETY - 81 Years Explained | CARTOON EVOLUTION;2020-03-03T12:00:10Z;209328;3382;84;777
Tweety and Sylvester;w-tZef9gmug;I Tawt I Taw a Puddy Tat (Tweety Compilation);2018-02-09T03:59:58Z;1334330;5997;719;572
Kim Possible;GIgLqN_rAXU;Theme Song üé∂ | Kim Possible | Disney Channel;2015-12-10T20:27:11Z;6199715;73397;1408;413
Kim Possible;vvvHLoJIQEM;Kim Possible Green Eyed Jealousy;2019-05-16T06:27:55Z;1338275;23596;468;1257
Kim Possible;vQ84-ZNHagY;Sadie Stanley - Call Me, Beep Me! (From "Kim Possible");2019-01-26T01:55:00Z;16885005;222221;29722;19097
Kim Possible;TNRQT9ODqDI;Official Trailer üé• | Kim Possible | Disney Channel;2018-12-07T16:00:04Z;5363894;46240;165777;5866
Kim Possible;XS3g_z7DHNU;Kim and Ron Cute Moments Season 4 + Movies;2018-09-15T06:40:02Z;1241711;19571;411;768
Kim Possible;5Y-X1Uz4NgU;Kim Possible - Theme Song | Disney+ Throwbacks | Disney+;2020-04-28T16:00:04Z;657986;11205;166;519
Kim Possible;DrNJRF1jfqk;Kim and Shego Best Friends;2017-10-22T07:37:22Z;2653847;47838;622;3330
Kim Possible;a7wA_COV31w;Kim Possible "So the Drama" Final Fight Scene;2018-10-11T01:02:41Z;508300;6521;113;509
Kim Possible;GVugVxYzqKA;Kim Possible tries out for the Cheer-leading squad;2018-01-28T04:56:23Z;3802936;69740;1269;1608
Kim Possible;iXRINVQvf50;Ron and Kim's first break up;2017-12-28T22:39:45Z;6279393;76588;1884;2358
