Tom and Jerry;E7lwxBBnGEg;Tom & Jerry: Official Trailer (2021);2020-11-17T18:00:02Z;102600;5102;491;693
Tom and Jerry;KW8fGRTFWKc;TOM AND JERRY Official Trailer (2021);2020-11-17T17:24:59Z;439167;15864;1073;1608
Tom and Jerry;fgqEyC19538;TOM AND JERRY Trailer (4K ULTRA HD) NEW 2021;2020-11-18T15:07:36Z;202310;5115;246;568
Tom and Jerry;WRnArYubtZA;TOM AND JERRY Trailer (2020) Chlo√´ Grace Moretz Movie;2020-11-17T17:06:21Z;684666;21252;814;1613
Tom and Jerry;cacPft01728;Tom and Jerry are in a Live Action movie... oh no;2020-11-21T05:42:28Z;3857;545;7;235
Tom and Jerry;wV8SekWmJmM;Tom and jerry bangla | ‡¶ü‡¶Æ ‡¶è‡¶¨‡¶Ç ‡¶ú‡ßá‡¶∞‡¶ø ‡¶¨‡¶æ‡¶Ç‡¶≤‡¶æ|‡¶á‡¶û‡ßç‡¶ú‡ßá‡¶ï‡¶∂‡¶® Tom And jerry cartoon Bangla dubbing -Imranthehulk;2020-11-20T06:00:36Z;53825;356;57;7
Tom and Jerry;ig1AWUbw0hQ;TOM AND JERRY Trailer (2021);2020-11-17T17:07:26Z;412227;18733;853;3090
Tom and Jerry;xBsi-wU3UU4;TOM AND JERRY Official Trailer #1 (NEW 2021) Animated Movie HD;2020-11-17T17:16:52Z;195754;6210;320;1056
Tom and Jerry;2uZlo30kbIE;Tom & Jerry ‡¶ü‡ßç‡¶∞‡ßá‡¶á‡¶≤‡¶æ‡¶∞ ‡¶®‡¶ø‡ßü‡ßá ‡¶∏‡¶Æ‡¶æ‡¶≤‡ßã‡¶ö‡¶®‡¶æ! Extraction 2 ‡¶è‡¶∞ ‡¶Ü‡¶∏‡¶¨‡ßá ‡¶ï‡ßü‡ßá‡¶ï‡¶ü‡¶æ sequel! Spider-Man 3 ‡¶∞ ‡¶∂‡ßÅ‡¶ü‡¶ø‡¶Ç ‡¶≠‡¶ø‡¶°‡¶ø‡¶ì!;2020-11-19T12:38:20Z;9934;916;18;33
Tom and Jerry;rzi0uEQiFm0;TOM & JERRY | Live Action Movie Trailer REACTION!! || MaJeliv Reactions | Can you reboot a classic?!;2020-11-20T01:00:06Z;8936;505;8;80
Scooby-Doo, Where Are You!;eZXg6Uaxd2k;"Scooby Doo, Where are you!"    Theme Song (1969);2010-11-05T00:44:09Z;2124117;20392;543;1130
Scooby-Doo, Where Are You!;zV51LdERPuU;Scooby doo Where are you intro 1970;2010-11-16T00:50:05Z;1398721;1927;240;158
Scooby-Doo, Where Are You!;hIfT-_cknbM;|Scooby Doo Where Are You| Spooky Space Kook;2017-12-18T13:00:06Z;39160;289;6;93
Scooby-Doo, Where Are You!;ed6zI3mQ0NI;Scoob! (2020)/Scooby-Doo Where Are You? title comparison;2020-05-18T17:40:26Z;579705;3157;202;127
Scooby-Doo, Where Are You!;UOj0Z4_xQOg;|Scooby Doo Where Are You S1E16| A Night of Fright Is No Delight: A Bad Hiding Place;2020-01-08T13:00:05Z;20432;114;6;20
Scooby-Doo, Where Are You!;ChNmaeY_Sos;Scooby-Doo intro's 1969-2016 [HQ];2016-08-18T19:33:57Z;4435559;85051;1582;13434
Scooby-Doo, Where Are You!;diBckLjJMzg;SCOOB! - "Scooby Doo, Where Are You?" Original Theme;2020-05-15T07:42:40Z;498379;4575;195;259
Scooby-Doo, Where Are You!;Gx6EA6TR0LM;Scooby-Doo Where Are You Intro - Made with Animal Crossing;2020-10-12T01:44:46Z;164121;4950;88;323
Scooby-Doo, Where Are You!;0APbKn169CM;SCOOB! - Scooby Doo, Where Are You (intro comparison);2020-05-17T03:59:11Z;378566;6190;131;416
Scooby-Doo, Where Are You!;3Fzi4lBzqIg;Simple Plan - What's New, Scooby-Doo? (Cartoon's Theme Song) | On Netflix;2012-04-08T22:28:59Z;8232918;164113;1842;5677
SpongeBob SquarePants;HQz3_2peTcc;SpongeBob LongPants   SpongeBob SquarePants Full Episodes;2020-09-27T22:12:50Z;1064109;6978;4161;746
SpongeBob SquarePants;UvrS8PcBC5A;SpongeBob SquarePants Full Episode | The Krusty Bucket;2020-11-07T18:40:25Z;147840;1247;297;183
SpongeBob SquarePants;W_uXDTxRLB8;Squirrel Record   SpongeBob SquarePants Full Episodes;2020-09-21T13:39:05Z;1018016;5920;2809;675
SpongeBob SquarePants;uP-Gy7vOOn4;SpongeBob SquarePants Full Episodes 1 ‚ùÇ SpongeBob SquarePants: Plankton's Robotic Revenge - Joshua;2019-01-02T23:50:47Z;20529980;78407;23927;2977
SpongeBob SquarePants;iVzF9fe89TU;Don't Look Now   SpongeBob SquarePants Full Episodes;2020-09-21T13:31:37Z;244703;1616;572;238
SpongeBob SquarePants;0kt3rwu2EE4;SpongeBob SquarePants The Incredible Shrinking Sponge | SpongeBob SquarePants full epsiodes 2020;2020-11-18T01:57:34Z;17862;174;21;12
SpongeBob SquarePants;qsOPEPdeXNQ;SpongeBob SquarePants - Fun Sized Friends | SpongeBob SquarePants full episodes 2020;2020-11-18T20:13:03Z;26600;266;38;25
SpongeBob SquarePants;DaWTEDzqCFM;SpongeBob SquarePants -  Spot Returns | SpongeBob SquarePants Full episodes 2020;2020-11-19T19:11:24Z;12108;141;14;10
SpongeBob SquarePants;gjlROumz-pA;Spongebob Squarepants Characters In Real Life;2019-01-13T01:30:01Z;25948004;95992;21916;2821
SpongeBob SquarePants;zeGsYExCUGw;SpongeBob SquarePants - Girls' Night Out | SpongeBob SquarePants Full Episodes 2020;2020-11-20T15:00:09Z;2106;62;8;5
Looney Tunes;pvGFo-B68D0;Looney Tunes 1932-1960 | 5 Hours Compilation | Bugs Bunny | Daffy Duck | Porky Pig | Chuck Jones;2020-07-10T17:00:27Z;3302249;43863;2163;1331
Looney Tunes;mrHLjMTt9gI;Looney Tunes Classic Cartoons Compilation - Bugs Bunny, Porky Pig and More Classics! (Ultra 4K);2018-09-14T13:53:46Z;4116794;16008;2354;830
Looney Tunes;ZhvOSeQmJzc;Looney Tunes Back In Action - Vegas Car Chase;2020-10-10T21:30:39Z;7141;83;3;7
Looney Tunes;RcsJ_f7qU5c;SNEAK PEEK: The Mighty Angelo - Looney Tunes World of Mayhem;2020-11-19T18:25:49Z;5406;129;4;16
Looney Tunes;bw-lC12vu4E;Looney Tunes World of Mayhem | The Mighty Angelo;2020-11-19T06:42:49Z;31298;612;20;162
Looney Tunes;ZJJHL5p9UIE;LOONEY TUNES (Looney Toons): Rookie Revue (1941) (Remastered) (HD 1080p);2013-12-08T20:11:24Z;17435609;137847;10973;4727
Looney Tunes;zXNoqHEgoR8;LOONEY TUNES | El conejo y los g√°ngsters (Bugs Bunny) | 1957 | Espa√±ol Latino;2020-10-26T18:12:37Z;44033;878;28;77
Looney Tunes;QXlaHVoFgRI;I Griffin - Looney Tunes Compilation #1;2020-06-01T17:09:11Z;287337;6980;171;163
Looney Tunes;_yevPVG1RdY;–≥–∞–π–¥ –ø–æ –∏–≥—Ä–µ LOONEY TUNES WORLD OF MAYHEM guide on the game secrets of the game;2020-11-18T11:12:12Z;213;24;0;31
Looney Tunes;9IUKnIbLeF8;LOONEY TUNES | La comadreja hizo Plop (Gallo Claudio, Perro George) | 1953 | Espa√±ol Latino;2019-06-23T00:54:09Z;446234;2806;317;53
Avatar: The Last Airbender;kXShLPXfWZA;FULL Uncut "Aang vs. Fire Lord Ozai Final Battle" üî•| Avatar;2020-03-23T15:46:47Z;35429450;515826;14664;33681
Avatar: The Last Airbender;uPhU1NNODHg;Every Kiss Ever in Avatar: The Last Airbender! üòö | Avatar;2020-10-24T14:00:16Z;522261;11293;279;1681
Avatar: The Last Airbender;Ac0P8D_FddM;Top 10 Amazing Small Details in Avatar: The Last Airbender You Missed;2020-10-30T18:00:02Z;386255;14308;305;985
Avatar: The Last Airbender;5WjcDji3xYc;Honest Trailers | Avatar: The Last Airbender;2020-08-11T17:03:59Z;2385236;109627;2649;7910
Avatar: The Last Airbender;iO8dd527feU;Top 10 Times Sokka Was Actually Brilliant on Avatar: The Last Airbender;2020-11-18T16:00:09Z;43454;2256;24;236
Avatar: The Last Airbender;P8aQU-V6xMU;The Avatar: The Last Airbender Timeline Explained;2020-06-03T15:15:01Z;227623;5531;188;500
Avatar: The Last Airbender;dh8ylN4DYh4;25 Things You Missed In Avatar: The Last Airbender;2020-06-06T18:18:18Z;1181709;26157;1734;2432
Avatar: The Last Airbender;jO2Gfm8r4_c;Avatar Chibi Short - School Time Shipping! üî•üíï | Avatar;2020-08-31T14:00:11Z;2558688;53889;1168;4906
Avatar: The Last Airbender;DoxI_3RhVUg;Aang's Bending + Avatar State Evolution! üåä‚õ∞üî•üå™ | Avatar;2020-08-08T14:00:10Z;2736027;38848;1215;2574
Avatar: The Last Airbender;TnwUD56L1hg;Avatar Chibi Short - Bending Battle üí¶‚õ∞üî•üí® | Avatar;2020-07-13T14:00:07Z;5681394;115030;2544;8562
The Tom and Jerry Show;2DSAxoqyrMg;Tom and Jerry Show - Scream Compilation;2020-09-15T12:32:51Z;206440;1126;148;277
The Tom and Jerry Show;-HcKrd3K8_A;Hiromi Uehara - The Tom and Jerry Show;2008-05-28T19:48:29Z;3848717;16711;407;1263
The Tom and Jerry Show;nhkCf99bXgI;The Tom and Jerry Show + Improvisation;2020-06-06T11:12:46Z;116064;5066;27;262
The Tom and Jerry Show;l3oSh4MLWMY;Hiromi Uehara   The Tom and Jerry Show;2015-06-15T23:51:40Z;181108;1850;21;67
The Tom and Jerry Show;XmK5L5aTGVc;The Tom and Jerry Show Official Trailer;2014-03-29T21:53:17Z;584509;826;292;23
The Tom and Jerry Show;kVDvXxsW8o8;TOM E JERRY NA VIDA REAL? O FILME LIVE ACTION!;2020-11-18T22:20:11Z;188972;23094;199;1228
The Tom and Jerry Show;4luIVYME758;TOM and JERRY: Evolution in Movies & Cartoons (1940-2021);2020-11-17T20:59:18Z;12780;398;9;49
The Tom and Jerry Show;HTQ27149b5s;THE TOM and JERRY SHOW ‚Ä¢|FUN VEDIO ‚Ä¢| crawl from hell;2020-11-18T05:38:50Z;1181;36;0;3
The Tom and Jerry Show;HEDAMSp-FfE;Our HARDEST Tutorial EVER? The Tom and Jerry Show by Hiromi Uehara;2018-10-02T21:00:01Z;821435;18775;219;1762
The Tom and Jerry Show;RjIFdwqf21c;The Tom & Jerry Show (1975) - Closing Credits;2013-08-06T23:59:40Z;33600;28;6;11
The Simpsons;zbxciJBVbg8;The Simpsons - Secret in the refrigerator;2020-11-01T12:01:59Z;163170;1874;113;136
The Simpsons;a1nmZq1KEHk;The Simpsons: The Simpsons in a indoor Waterpark;2017-06-15T12:57:20Z;3825657;20663;1426;872
The Simpsons;xHfSG8kZLGs;The Simpsons full episode- Homer eats himself;2020-08-09T10:41:00Z;82424;736;43;35
The Simpsons;YFnTRslX1rQ;The Simpsons Election Day 2020 Predictive Programming;2020-11-03T16:57:00Z;733384;9425;639;2062
The Simpsons;5598KDTZwZ4;How The Simpsons Predicted 2020;2020-07-28T17:15:01Z;2152715;35270;1782;4127
The Simpsons;Tqth0fKo0_g;The Simpsons - Lisa's First Word;2017-09-04T19:23:59Z;1309329;15343;440;942
The Simpsons;3zEh2Ngyn_U;The Simpsons Season 32 Ep.6 - Podcast News Full Nocuts;2020-11-16T03:29:49Z;6495;103;8;7
The Simpsons;p1GIdRQj5Vo;The Simpsons: Funniest Moments Of All Time | Part 1;2019-08-03T20:39:48Z;844550;10552;1136;674
The Simpsons;_4BgezOKdy4;The Simpsons: The End of Bart;2020-11-02T03:29:56Z;335117;7313;229;711
The Simpsons;Qa4C2QDAveM;Simpsons Predictions For 2021;2020-11-17T18:15:02Z;152398;3134;411;327
Phineas and Ferb;lYmYf60vlCM;Phineas and Ferb - Season 4 Episode 25 ‚Äì The Klimpaloon Ultimatum  |  Phineas and Ferb HD 2020;2020-07-09T00:41:09Z;340711;3432;207;205
Phineas and Ferb;2RY12JZ6x_U;Phineas and Ferb - Season 4 Episode 18 ‚Äì Cheers for Fears/Just Our Luck  |  Phineas and Ferb HD 2020;2020-07-13T16:53:14Z;132620;1294;68;76
Phineas and Ferb;fRwrw5aZuK4;Phineas and Ferb Season 4 Ep. 20 - Return Policy ‚Äì Imperfect Storm Full Episode;2020-08-14T13:00:10Z;55220;510;49;29
Phineas and Ferb;l3GefJ-Sp2c;Phineas and Ferb Season 2 Ep. 21 - Phineas and Ferb Christmas Vacation  Full Episode;2020-07-30T15:00:10Z;18413;221;11;20
Phineas and Ferb;ehhmN6kPDIU;Phineas and Ferb Get Busted!;2018-03-03T08:00:03Z;2012591;19347;843;1352
Phineas and Ferb;3Piwu7ocaCE;Phineas and Ferb Season 2 Ep. 34 - Wizard of Odd Full Episode;2020-08-02T15:00:30Z;19664;205;16;15
Phineas and Ferb;7R90clpaG08;Phineas and Ferb Season 3 Ep. 12 - Perry the Actorpus ‚Äì Bullseye! Full Episode;2020-08-06T15:00:12Z;5107;46;0;5
Phineas and Ferb;oFHK-mZsqdk;Phineas and Ferb Season 1 Ep. 26 - Out of Toon ‚Äì Hail Doofania! Full Episode;2020-07-26T16:00:12Z;11378;124;6;9
Phineas and Ferb;bNgG7YTU5qE;Phineas and Ferb Full Episodes Season 3 Episode 39  - Agent Doof;2020-06-04T12:00:25Z;74608;755;105;73
Phineas and Ferb;R_KQl5Naz1s;Phineas and Ferb   Episode 009   Run Away Runway Part 1;2018-08-27T12:00:04Z;694598;4107;163;275
Teen Titans;lCTtVQv5m9w;Teen Titans: Big Sister Came to Visit;2018-10-05T05:23:40Z;3070340;47859;1348;2505
Teen Titans;idS-UK3Ibyc;Teen Titans vs. Terra - Teen Titans;2020-05-31T16:00:19Z;283557;5059;124;660
Teen Titans;fxVjtF_-R24;Teen Titans "Go" Clip;2020-04-21T01:21:43Z;170473;2413;135;187
Teen Titans;LC9zb8wNqrI;Teen Titans vs H.I.V.E - Teen Titans "Final Exam";2020-10-28T12:00:06Z;5132;88;1;17
Teen Titans;KT6pNo1ag4I;Teen Titans "Car Trouble" Ending;2020-11-15T12:00:07Z;925;39;0;4
Teen Titans;hxZroR1YYfE;Raven's Surprise Birthday - Teen Titans;2020-08-04T19:00:11Z;66819;1787;42;303
Teen Titans;wMW0_eFmbW4;Powerpuff Girls + Teen Titans Go Characters Fusion - Blossom, Starfire;2020-11-19T13:51:00Z;8063;138;18;15
Teen Titans;knSNArN8vVw;Teen Titans Go In Real Life üí• All Characters üì∑Video | Tup Viral;2020-05-30T10:47:13Z;9083175;53427;8945;769
Teen Titans;J4cxUhBQCzM;Teen Titans Ghost Riders-Bowser12345;2019-10-27T18:33:39Z;4962880;59791;6569;689
Teen Titans;rhD5Sz401n8;Among Us But Teen Titans Go Is An Impostor;2020-11-20T18:03:51Z;1722;201;15;8
Rick and Morty;K8DaX0FFthc;Morty Resets His Life | Rick and Morty | adult swim;2020-05-21T16:00:17Z;15008235;277233;6041;23760
Rick and Morty;9_LTYgUL8t8;Rick and Morty - Best Moments | Season 3;2020-04-14T20:26:38Z;3205352;36540;1477;1177
Rick and Morty;s_1lP4CBKOg;RICK'S FUNNIEST LINES | Rick and Morty 2018;2018-06-06T04:24:56Z;1849561;21297;834;852
Rick and Morty;BSF5yoD-vC4;Samurai & Shogun (Rick and Morty) | adult swim;2020-03-29T04:12:40Z;11838323;555069;13869;25202
Rick and Morty;ZESe53re8Ms;Rick and Morty - Best Moments | Season 4;2020-10-09T19:52:34Z;21175;388;16;32
Rick and Morty;lTO0OO81I7c;Rick and Morty Season 4 Uncensored Parts (1-5 eps);2020-04-08T21:35:03Z;229435;4005;113;168
Rick and Morty;a_gfN3FGblk;Rick and Morty funniest moments   best moments 2019;2019-01-23T07:51:14Z;294848;3284;147;165
Rick and Morty;V6SfEIoEHY0;Best Moments of Interdimensional Cable and Morty's Mind Blowers | Rick and Morty;2019-06-19T20:47:08Z;474481;5496;273;353
Rick and Morty;JNbZ_X2X2z8;Rick and Morty | Do You Feel It? | Full Music Video | HBO Max;2020-11-20T21:12:13Z;5772;472;7;38
Rick and Morty;EBYsx1QWF9A;Rick and Morty x Run The Jewels: Oh Mama | Adult Swim;2018-03-16T14:00:18Z;30627660;723855;15055;26799
Gravity Falls;FLD9kz64wfY;25 Twisted Gravity Falls Facts That Will Surprise Longtime Fans;2019-04-16T21:00:01Z;6178357;84842;2719;5492
Gravity Falls;_Jbq2EEPG14;Film Theory: Gravity Falls ISN'T OVER! (Bill Cipher LIVES!);2017-12-16T19:15:51Z;14139427;331081;6227;59310
Gravity Falls;7gYDoPosZgM;Top 10 Greatest Gravity Falls Guest Voice Actors;2020-11-17T13:00:01Z;76119;3259;46;288
Gravity Falls;g_gtldDT8E8;Gravity Falls Creator Hints at NEW SHOW...;2020-11-11T20:25:13Z;81008;4884;66;953
Gravity Falls;begz646cJik;Gravity Falls Is Coming Back In 2021! Season 3;2020-07-24T20:00:14Z;139284;4017;2319;1924
Gravity Falls;03EuZ8SS8fs;Gravity Falls Season 3 WILL NEVER HAPPEN.;2020-08-21T22:25:19Z;36634;1475;258;821
Gravity Falls;ntVXnpB0IGA;The Absurd Genius Of Gravity Falls;2020-02-12T18:30:06Z;1372435;90316;743;3815
Gravity Falls;XPBDZ3Sse0s;20 Times Gravity Falls Was Not Meant For Kids;2019-08-02T16:45:01Z;704800;10993;660;673
Gravity Falls;BGt8X2gYj9M;(S2) Th√†nh ph·ªë Gravity Falls - T·∫≠p 12 (1/6);2020-02-16T08:13:17Z;14671;118;4;3
Gravity Falls;COvSImF3qoU;Reverse falls and gravity falls react to the cipher family backstory;2020-11-19T18:04:17Z;724;48;0;26
The Bugs Bunny Show;D63UB6BWh9U;The Bugs Bunny Show;2012-08-23T17:16:39Z;80421;516;18;31
The Bugs Bunny Show;VmOXZbpL5gg;The Bugs Bunny Show - Do or Diet - Bridging Sequences;2020-04-09T07:12:06Z;2777;46;0;4
The Bugs Bunny Show;JLAQpaP2Hio;The Bugs Bunny Show - The Honeymousers - Bridging Sequences;2020-03-05T11:10:17Z;1070;20;0;5
The Bugs Bunny Show;Z0QMQ5eqDpA;Bugs Bunny Show  Bugsy And Mugsy;2020-07-10T15:19:09Z;97764;1059;41;268
The Bugs Bunny Show;MK5xuDpa6Bg;The Bugs Bunny Show - Bad Time Story - Bridging Sequences;2020-03-27T18:33:58Z;2219;32;0;10
The Bugs Bunny Show;KAen5l-W5lY;The Bugs Bunny Show - Ballpoint Puns - Bridging Sequences;2020-03-29T19:00:03Z;1410;27;0;1
The Bugs Bunny Show;sWSS1udxST4;Bugs Bunny Show - pre-titles, titles, bumper and 1960s credits;2012-01-23T21:41:11Z;25252;191;4;34
The Bugs Bunny Show;ZCWIOoArPxA;Vintage Commercials from the Bugs Bunny Show;2017-06-27T11:10:38Z;4864;63;2;6
The Bugs Bunny Show;no1QjL5r2rw;Pepe Le Pew in the Bugs Bunny Show (1960);2018-12-25T11:14:52Z;5101;86;1;12
The Bugs Bunny Show;VmntYtLPM5k;The Bugs bunny Show Releted Things I Found (1000 Suscriber Special);2018-04-27T21:44:21Z;12684;140;10;33
What's New, Scooby-Doo?;3Fzi4lBzqIg;Simple Plan - What's New, Scooby-Doo? (Cartoon's Theme Song) | On Netflix;2012-04-08T22:28:59Z;8232918;164113;1842;5677
What's New, Scooby-Doo?;1ZMd1AT3iAE;Simple Plan What's New Scooby Doo Official Theme Song;2017-10-11T15:33:22Z;1574651;31478;327;1009
What's New, Scooby-Doo?;8FQiAj5mdHY;Simple Plan - What's new Scooby Doo (Long Version) [HD HQ + Lyrics];2013-03-04T12:28:57Z;1709647;28028;494;895
What's New, Scooby-Doo?;JI-KMDm8x0U;What's New Scooby-Doo Intro HD;2017-09-16T05:44:49Z;201254;4149;61;308
What's New, Scooby-Doo?;ZT1Rd5zAsB0;Simple Plan ‚Äì What's New, Scooby-Doo? (Live at Irving Plaza 2016);2016-10-13T22:55:37Z;994324;35996;283;405
What's New, Scooby-Doo?;VUkxDyqRsbc;SCOOB! - "What's New, Scooby Doo" by Anarbor;2020-05-15T22:32:06Z;695848;7311;281;232
What's New, Scooby-Doo?;iDeqdrztcJM;Whats New Scooby Doo;2016-05-14T19:10:16Z;195918;2728;67;182
What's New, Scooby-Doo?;3b3xcRyTcbE;What's New, Scooby-Doo? - S01E02 - 3-D Struction - Part 4;2020-09-19T23:20:09Z;728;8;0;1
What's New, Scooby-Doo?;VTBwpp50r9E;What's New Scooby Doo;2009-09-16T20:23:11Z;2132681;4056;315;265
What's New, Scooby-Doo?;P1tum7DKHJ0;What's New Scooby Doo?: What's New is Old | Billiam;2019-11-23T22:15:02Z;179502;8612;82;795
The Fairly OddParents;tmSN0Ct2T7Q;FAIRLY ODD PARENTS FULL EPISODES 2020;2020-06-13T09:49:14Z;205364;2139;132;180
The Fairly OddParents;8mC6PVF4Lfk;The Fairly OddParents - Full Episodes - Best 3 Hours Compilation;2020-08-15T01:12:16Z;76181;509;41;27
The Fairly OddParents;PHdKleeJdI8;The Fairly Oddparents S9 New Episodes Part 5   Best 2 Hours Compilation;2020-06-12T08:50:54Z;246776;1841;182;138
The Fairly OddParents;w6dBPi42SHY;The Fairly Oddparents S10 New Episodes Part 4   Best 6 Episodes Compilation;2020-06-12T14:50:25Z;73933;676;49;82
The Fairly OddParents;fNdrsMQXJvI;The fairly OddParents TIMVISIBLE;2020-10-11T17:56:12Z;5890;91;2;10
The Fairly OddParents;a5piLbcKi98;The Fairly OddParents S10 Part 1   Best 5 Episodes Compilation;2020-06-12T08:39:58Z;56773;459;28;63
The Fairly OddParents;Yp3v4pEJjNM;The Fairly OddParents S9 Part 3   Best 5 Episodes Compilation;2020-06-12T02:59:12Z;43115;382;26;107
The Fairly OddParents;sFz2K331du4;Fairly odd parents - Truth or Cosmoquences;2020-09-01T16:23:11Z;30349;323;10;36
The Fairly OddParents;e5fm2YeyNBU;The Fairly OddParents S9 Part 2   Best 5 Episodes Compilation;2020-06-12T02:35:20Z;22529;222;12;31
The Fairly OddParents;qxCB28jaApM;The Fairly Oddparents Full Episodes Part 2   Best 10 Episodes Compilation;2020-06-17T16:03:02Z;22769;218;18;15
Wile E. Coyote and The Road Runner;3aDvTJCr42k;The Road Runner Show | Road Runner vs Wile E. Coyote - Full Episode | Classic Funny Cartoons;2018-08-29T08:22:36Z;176167;730;72;44
Wile E. Coyote and The Road Runner;Yt0FTp9eaPs;Road Runner vs. Wile E. Coyote [Compilation 3D] (2014);2019-08-16T05:34:17Z;346060;1311;221;86
Wile E. Coyote and The Road Runner;gi5Hm2MfyjU;The Roadrunner and the Coyote - New episodes  from The Looney Tunes Cartoons;2020-06-11T20:16:17Z;188142;1261;87;112
Wile E. Coyote and The Road Runner;XPJXpyBZ8I8;Wile E. Coyote and The Road Runner [episode] 1-10;2016-04-24T16:24:05Z;1452893;2784;537;203
Wile E. Coyote and The Road Runner;j8pJR8k1E5g;Top 23 Wile E. Coyote moments | Compilation;2020-07-11T06:13:11Z;4344;36;1;3
Wile E. Coyote and The Road Runner;0R66Fvhx0vQ;Wile E. Coyote: 80 explosions in 11 minutes;2016-02-29T06:18:44Z;1522007;6445;512;1143
Wile E. Coyote and The Road Runner;wRSHzenjiNA;Wile E. Coyote vs. Gravity;2017-03-02T03:31:04Z;944522;3930;326;767
Wile E. Coyote and The Road Runner;TM1zQwgTdqk;Wile E. Coyote and the Road Runner feat Freya Ridings (Animatic);2018-11-14T22:49:03Z;2045;51;1;8
Wile E. Coyote and The Road Runner;aQW2ZVXBeHI;Wile E Coyote vs Roadrunner in Minecraft;2012-10-28T20:00:48Z;78853;284;31;35
Wile E. Coyote and The Road Runner;FeswQ_cCfKc;Evolution of WILE E. COYOTE & ROAD RUNNER - 71 Years Explained | CARTOON EVOLUTION;2020-06-03T12:00:06Z;85817;1854;33;593
DuckTales;cS5rl_wULWE;Ducktales S03 E13 in English | English subtitles;2020-05-19T17:58:03Z;32019;254;24;27
DuckTales;7p24SdDTL2w;DuckTales 2017 Season 3 Episode 16 "The First Adventure!" (Part 4);2020-11-16T10:58:49Z;55072;781;6;240
DuckTales;440-mf62f0Y;DuckTales 2017 Season 2 Episode 12 "Nothing Can Stop Della Duck!" (Part 2);2020-07-10T11:03:00Z;87307;1141;15;180
DuckTales;SnYSrGJb7cU;Ducktales 2017 SEASON 3 EPISODE 15 "NEW GODS ON THE BLOCK!" PART 3;2020-11-09T12:12:36Z;24292;424;10;167
DuckTales;m7YZdd-GeVQ;DuckTales 2017 Season 3 Episode 16 "The First Adventure!" (Part 1);2020-11-16T10:51:32Z;56380;996;5;124
DuckTales;7GPTKD4mM3E;Ducktales 2017 SEASON 3 EPISODE 16 "THE FIRST ADVENTURE!" PART 4;2020-11-16T12:25:48Z;12123;302;4;92
DuckTales;RmHEdIqS8Ls;Duck Tales   The Golden Goose Part 1;2020-07-14T18:45:59Z;13655;121;7;11
DuckTales;fA7a2bJOXWs;Ducktales 2017 SEASON 3 EPISODE 16 "THE FIRST ADVENTURE!" PART 1;2020-11-16T11:01:09Z;13843;351;2;122
DuckTales;yt5R28GvTUg;DuckTales 2017 Season 3 Episode 16 "The First Adventure!" (Part 3);2020-11-16T10:56:39Z;49121;634;2;132
DuckTales;OA8HkZ2-7Uk;DuckTales 2017 Season 3 Episode 16 "The First Adventure!" (Part 12);2020-11-16T11:13:54Z;42871;506;5;60
Dexter's Laboratory;fTJYHijAKLs;Dexter‚Äôs Laboratory: Ego Trip (1999) (Clear Quality);2020-11-05T18:11:50Z;4501;85;5;43
Dexter's Laboratory;Jv6mX1MV9Jc;Dexter‚Äôs Lab - Baby Dexter Moments;2020-02-03T05:34:54Z;2736;22;1;6
Dexter's Laboratory;bvCKDm6GDFU;Dexter's Laboratory: Mandark's Lab? - Longplay (PS1);2018-12-05T16:29:45Z;17005;137;8;12
Dexter's Laboratory;kj5pXytIY_4;Dexter's Laboratory - 4x01 - Aye Aye Eyes;2015-03-18T19:43:05Z;638029;5288;171;934
Dexter's Laboratory;Mhfdw74erqc;Dexter's Laboratory: What Went Wrong;2018-07-26T11:08:17Z;1802829;36378;3757;5436
Dexter's Laboratory;fOR9DJSBQi0;Dexter's Laboratory Theme Song | Choir Dub;2020-11-10T17:00:08Z;7534;864;6;63
Dexter's Laboratory;6Zm6xtU7B_w;Dexter's lab - Dad VS. Earl;2018-03-14T03:04:15Z;77045;1085;16;160
Dexter's Laboratory;8q8LsYbDCmM;Binging with Babish: Omelette du Fromage from Dexter's Laboratory;2020-11-17T14:00:02Z;1925738;89306;769;5833
Dexter's Laboratory;NZd_-i1Z21Q;7 'Dexter's Laboratory' Jokes You Missed as a Kid!;2017-07-01T16:00:03Z;560466;6067;512;430
Dexter's Laboratory;5N1PnRvCiWU;Binging with Babish: Omelette du Fromage from Dexter's Laboratory (reaction);2020-11-18T15:00:12Z;18;3;1;2
Courage the Cowardly Dog;Faq4wNUCufM;Top 10 Scariest Courage the Cowardly Dog Episodes;2018-10-27T17:30:00Z;1836626;37335;2497;7730
Courage the Cowardly Dog;Cf6hIyIqBUs;Courage The Cowardly Dog Was A Strange Masterpiece;2019-07-28T20:00:00Z;1237850;65831;470;4109
Courage the Cowardly Dog;XjrfLO6rHMI;COURAGE THE COWARDLY DOG - Movie Teaser Trailer (2021) HD;2019-10-07T01:45:09Z;1179892;9591;4151;1755
Courage the Cowardly Dog;ugJ18badwS4;Courage The Cowardly Dog - Mine!;2020-09-04T21:34:07Z;5091;104;0;28
Courage the Cowardly Dog;mR0jWj1Bcus;Perhaps the Darkest Courage the Cowardly Dog Episode Ever Created;2020-03-01T15:31:46Z;995105;44412;970;2595
Courage the Cowardly Dog;zX38Ng5ZSw0;Top 10 Courage the Cowardly Dog Bad Guys;2019-10-28T14:00:07Z;189488;5391;110;964
Courage the Cowardly Dog;dbQf2kBRA0Q;Top 10 Scary Courage The Cowardly Dog Theories;2020-03-30T00:00:05Z;155908;6480;158;866
Courage the Cowardly Dog;g6kcse5vMb8;Courage the cowardly dog  - SHORT MOVIE -  The Fog of Courage;2020-09-30T10:54:19Z;3727;101;4;22
Courage the Cowardly Dog;NCLWwYiWW0E;The Rise and Fall of Courage The Cowardly Dog: What Happened?;2020-04-20T21:30:00Z;415954;8105;274;912
Courage the Cowardly Dog;ZGGz4iJp9P0;The Final Episode of Courage the Cowardly Dog is Perfect;2020-01-08T02:26:09Z;1787905;95184;1372;4623
Teenage Mutant Ninja Turtles;YNBl-dsgNfg;Teenage Mutant Ninja Turtles Season 1 Episode 1 - Turtle Tracks;2019-09-02T07:04:31Z;842531;6644;317;207
Teenage Mutant Ninja Turtles;pyn4FLi-5jw;Teenage Mutant Ninja Turtles Season 1 Episode 3 - A Thing About Rats;2020-01-24T15:43:00Z;546949;2652;337;91
Teenage Mutant Ninja Turtles;uATEOd4FSfg;Teenage Mutant Ninja Turtles - Season 7 Episode 2 - Karate Schooled;2020-05-03T17:02:10Z;342566;2540;357;139
Teenage Mutant Ninja Turtles;cS-NPzaDX80;Teenage Mutant Ninja Turtles (2014) Shredder vs Turtles FInal Fight;2020-02-03T17:50:49Z;202890;2739;94;314
Teenage Mutant Ninja Turtles;EpDMgxFWKQ8;Teenage Mutant Ninja Turtles: Out of the Shadows (1/10) TMNT 2 Basketball Scene(2016) Movieclip HD;2020-03-22T15:04:08Z;195284;1818;72;124
Teenage Mutant Ninja Turtles;DTuwZIefy_4;Teenage Mutant Ninja Turtles - Season 5 Episode 9 - Fathers and Sons;2020-04-24T16:27:03Z;160129;1684;94;197
Teenage Mutant Ninja Turtles;RTHdDxOKX68;Turtles vs Shredder | Teenage Mutant Ninja Turtles (1990);2017-11-02T22:35:50Z;3184108;27479;876;8452
Teenage Mutant Ninja Turtles;7ZAeSU5usas;Teenage Mutant Ninja Turtles - Season 3 Episode 25 - Exodus, Part 1;2020-03-13T21:27:14Z;58406;681;8;103
Teenage Mutant Ninja Turtles;6rTxv-Z8G4k;10 Teenage Mutant Ninja Turtle Moments That Are Not For Kids;2018-09-22T20:00:01Z;576610;9237;1224;810
Teenage Mutant Ninja Turtles;qo6t_WNv1oQ;Monster Among Us - Teenage Mutant Ninja Turtles Legends;2020-11-20T06:00:18Z;18149;352;17;13
Pok√©mon;CT0bjucxspI;HOW TO PREPARE FOR LEVEL 50 + QUARANTINE BONUSES ARE BACK! (PokeÃÅmon GO);2020-11-20T19:30:11Z;76352;3914;56;853
Pok√©mon;AiKmub6B7ac;*NEW* The BIGGEST Pok√©mon Vivid Voltage Booster Opening;2020-11-15T16:30:00Z;146163;9249;133;896
Pok√©mon;6JtXuvJiC5M;MY VIVID VOLTAGE POK√âMON CARD BINDER! Completed Set?!;2020-11-06T16:30:00Z;144980;5676;95;667
Pok√©mon;hmw8sCSK-j8;CAN I HATCH THE SHINY? Magmar Community Day | Pok√©mon GO;2020-11-21T09:00:07Z;3064;380;3;66
Pok√©mon;cB5m8c-HBrg;*THE $500,000 POK√âMON CARD!* Rarest Cards In The World;2020-11-19T19:00:18Z;132931;11390;88;6183
Pok√©mon;pYczXY6A9_4;Pok√©mon : Ailes du cr√©puscule ‚Äì Une r√©union de stars;2020-11-17T15:06:25Z;34610;2057;22;181
Pok√©mon;MJOEpB7L0y0;REAL LIFE POKEMON BATTLE! Pokemon Billionaire Box Fort (24 Hour Challenge);2020-11-16T20:50:58Z;214017;10858;265;881
Pok√©mon;MfgCYbgxic8;Epic Pok√©mon Battle: LEGENDS vs STARTER;2020-11-20T10:30:10Z;16744;550;37;69
Pok√©mon;Vy7P6fM6Ozw;Neue Platin-Medaillen aufgelistet! Das wird euch nicht gefallen | Pok√©mon GO Deutsch #1559;2020-11-20T21:13:02Z;27147;1917;33;408
Pok√©mon;WJArTkZHKFA;ENORME Ouverture DE 8 POKEBOX POKEMON XXL ! 32 BOOSTERS = CARTES POKEMON BUG ULTRA RARE ?!;2020-11-20T16:15:01Z;32652;3517;64;1027
The Pink Panther;dKxgj5FxmZo;The Pink Panther Official Trailer #1 - Steve Martin Movie (2006) HD;2012-10-05T19:21:46Z;560149;1919;117;218
The Pink Panther;Ey1kFYVXH7w;Best Moments from the Pink Panther Films;2020-02-05T15:00:02Z;84560;598;18;56
The Pink Panther;OYUcnAHDpZM;The Pink Panther Show Episode 38 - Pinkadilly Circus;2012-10-11T07:40:07Z;30576146;137620;18645;2431
The Pink Panther;HZryl5nJr00;The Daring Heists Of The Elusive Pink Panthers;2020-10-23T22:00:06Z;2895741;136685;1250;8783
The Pink Panther;ZYLekT6cYwY;The Pink Panther (1/10) Movie CLIP - A Real Woman (1963) HD;2013-07-31T03:34:34Z;88789;232;11;28
The Pink Panther;tDSM7AKfVJg;Best Pink Panther Scene;2014-07-04T08:00:09Z;1795268;7974;381;851
The Pink Panther;gKfnZ_Yn5Mg;Na Na B√πm K√≠t - PINK PANTHER - Ch√∫ B√°o H·ªìng Remix | DJ BIBO;2020-03-17T06:37:50Z;13810392;148897;3654;1399
The Pink Panther;BwA_ar7_qUw;The Pink Panther Official Trailer #1 - Robert Wagner Movie (1963) HD;2011-11-16T05:02:50Z;281893;977;30;65
The Pink Panther;xMiRxq12Fx0;The Pink Panther Original Trailer (Blake Edwards 1963);2007-11-19T02:25:59Z;1048939;1146;97;86
The Pink Panther;vH4-8qR79WY;The Pink Panther Collection: The Pink Panther Strikes Again (1976) - Official Trailer;2017-06-29T19:09:30Z;7045;55;1;4
Adventure Time;QPKwDW7ee_k;Adventure Time: Distant Lands Obsidian - Official Trailer;2020-11-09T18:07:44Z;1089162;64307;1532;4592
Adventure Time;PvC27pQa-p0;Adventure Time:  Distant Lands ‚Äì Obsidian | First Four Minutes | HBO Max;2020-11-16T18:00:13Z;277648;13102;136;1090
Adventure Time;oiLdWXLXDeA;The Complete Adventure Time Timeline | Channel Frederator;2019-03-16T14:00:05Z;8554684;198659;3960;8946
Adventure Time;4F9PFFpBAY8;Bubbline's Ending: Adventure Time Obsidian Explained! | Distant Lands S1E2 Breakdown;2020-11-20T23:54:16Z;17535;1349;17;165
Adventure Time;OpCCcMNXB30;Adventure Time's New Special is DARK;2020-11-20T20:21:56Z;21283;1637;39;395
Adventure Time;PKrolt7k4UE;Adventure Time: Distant Lands - Obsidian | Monster - King Princess | HBO MAX;2020-11-13T05:01:02Z;301400;28018;124;815
Adventure Time;tCOldmq05Xc;Marceline's Most Painful Memory (Clip) | Adventure Time : Distant Lands;2020-11-19T18:18:08Z;7031;392;2;36
Adventure Time;SoQtfn623Mo;Marceline found a message from mom | Adventure Time: Distant Lands - Obsidian;2020-11-19T20:54:48Z;18245;867;6;129
Adventure Time;uShlSNuCDDg;The DARKEST Adventure Time Moments;2020-07-11T18:37:14Z;575978;22798;379;1670
Adventure Time;Vy14sIAZefY;Older Finn Cameo - Adventure Time: Distant Lands "Obsidian";2020-11-19T12:40:49Z;63280;2018;16;430
South Park;gpsNPUG1_NY;Timmy Teaches Gobbles the Turkey To Do Tricks - SOUTH PARK;2020-11-20T17:00:31Z;46710;1698;18;131
South Park;9_wKHixTXOg;Ancient Aliens Were at the First Thanksgiving - SOUTH PARK;2020-11-19T17:00:05Z;63666;2616;24;209
South Park;Cl9Wg_8nmCM;South Park Funny Moments for 30 minutes;2020-02-06T12:22:08Z;1637613;25972;647;1335
South Park;u8xscMwM_cc;Where Are the Missing Ballots? - SOUTH PARK;2020-11-04T17:00:31Z;1269714;29149;480;2425
South Park;uo63QQsm5Dw;South Park Police Equipped To Manage Town in Chaos - SOUTH PARK;2020-10-06T16:00:21Z;1192929;24841;450;2868
South Park;Hq7ysA7agNE;Walmart Opens in South Park;2019-11-28T13:21:34Z;159399;2325;65;171
South Park;j1PvB3lpKRg;Does Cartman Have a Period? - SOUTH PARK;2020-11-16T17:00:12Z;139854;3893;47;302
South Park;hQt-tyb4G5c;South Park | Cartman is addicted to KFC;2019-11-20T16:39:33Z;801425;13114;254;1104
South Park;ApWdEeXmbxI;South Park Full Episodes - South Park Season 12 - Cartoon Movies 2017;2017-11-22T06:30:45Z;2535253;13799;3081;800
South Park;hR_Dx0PIvwc;Epic Final Battle Between Heaven and Hell - SOUTH PARK;2020-11-18T17:00:12Z;93791;3237;48;261
Animaniacs;wg01TY2dtOw;Animaniacs 2020 - Doug Reviews;2020-11-21T00:00:13Z;71626;4045;117;1187
Animaniacs;Mh_vASjvYQE;Animaniacs Jurassic Park Clip | A Hulu Original;2020-10-11T17:28:05Z;1953453;79969;1049;7576
Animaniacs;sAYbcqnKaEA;Animaniacs | 2020 | Intro HD;2020-11-20T04:00:33Z;30592;1626;25;238
Animaniacs;bfuL2DU_Ekg;Animaniacs 2020 - ‚ÄúJust Reboot It‚Äù Song;2020-11-20T02:37:15Z;34822;1543;18;280
Animaniacs;l6YI70YdAPs;Evolution of ANIMANIACS - 27 Years Explained | CARTOON EVOLUTION;2020-11-17T14:00:14Z;136113;4159;54;664
Animaniacs;nZxU_YnduY4;Animaniacs - Official Sneak Peek (2020);2020-09-14T22:00:06Z;1734417;83533;778;8030
Animaniacs;9hX-ksOLYS4;ANIMANIACS 'Catch Up Song' Official Promo + Trailer (NEW 2020) Hulu Original Series Animation HD;2020-11-20T15:30:01Z;70199;1947;79;417
Animaniacs;MeOrUvOPfgg;Animaniacs - Official Trailer (2020);2020-10-21T17:12:29Z;1119001;68482;1472;5712
Animaniacs;ATkHXy8E360;ANIMANIACS Jurassic Park Official Promo Clip (NEW 2020) Hulu Original Series Animation HD;2020-10-12T13:45:01Z;152624;4839;95;545
Animaniacs;J66zSCiQ-hM;Animaniacs (2020) - Halloween Intro;2020-11-20T17:55:07Z;122227;3794;38;224
Futurama;0oaa6bdKyD4;Futurama - Rebirth | Full Episode NoCuts;2020-10-01T05:30:00Z;63346;774;53;52
Futurama;Om4fFGlXJ_4;Futurama - Attack of the Killer App | Full Episode NoCuts;2020-10-01T23:00:05Z;35899;379;26;26
Futurama;tfmrR1ZJz78;Futurama - The Duh-Vinci Code | Full Episode NoCuts;2020-10-02T06:00:04Z;6150;83;3;11
Futurama;QhffZwf3Brg;Futurama - Fun on a Bun | Full Episode NoCuts;2020-10-05T00:15:01Z;14021;157;9;14
Futurama;XSK08u6x1Vw;Futurama - Cold Warriors part 1/2;2020-02-29T01:30:35Z;246057;1995;139;224
Futurama;NnKbI4YPYyg;Futurama: Bender‚Äôs trip to Robot Heaven | S1 e9 Full Episodes (NoCuts);2020-10-22T12:47:41Z;1983;16;0;9
Futurama;0D0u3v8slxI;Futurama - The Deep South | Full Episode NoCuts;2020-10-19T21:00:01Z;15121;186;15;26
Futurama;iPiCsTSfPMU;Futurama - Assie Come Home | Full Episode NoCuts;2020-10-06T20:15:03Z;6645;87;3;12
Futurama;1fhzfnSPsSY;Futurama - Anthology of Interest I | Full Episode NoCuts;2020-10-20T23:00:00Z;6782;103;4;6
Futurama;3dKKpySFv8s;Futurama - Bender's Big Score Part 1;2020-06-09T02:44:57Z;121394;1356;83;82
Popeye the Sailor;yZi5plJeLYY;POPEYE THE SAILOR MAN: Blow Me Down! (1933) (Remastered) (HD 1080p) | William Costello;2013-11-30T04:27:57Z;791043;6980;250;602
Popeye the Sailor;1z6pL4T8gPk;Popeye The Sailor Man Cartoon | Meets Sindbad the Sailor | Max Fleischer;2017-03-02T20:30:01Z;20748;115;9;3
Popeye the Sailor;pVjEyhTCeYA;POPEYE THE SAILOR MAN: Ancient Fistory (1953) (Remastered) (HD 1080p) | Jackson Beck, Jack Mercer;2013-12-03T14:42:03Z;408164;1891;130;161
Popeye the Sailor;COHxBuuDdoM;Popeye The Sailor Man - Morning, Noon, and Nightclub;2015-06-22T19:55:04Z;81895;505;13;46
Popeye the Sailor;miw_Jw7j2sE;POPEYE THE SAILOR MAN: Meets Ali Baba's Forty Thieves (1937) (Remastered) (HD 1080p) | Jack Mercer;2013-12-03T13:41:10Z;3477741;23346;1621;1524
Popeye the Sailor;JqNBFJhlDkI;Popeye The Sailor Man - Popeye Meets Sindbad The Sailor;2018-05-18T14:11:34Z;53870;347;31;33
Popeye the Sailor;iADWWSIvB8Y;POPEYE THE SAILOR MAN: Insect to Injury (1956) (Remastered) (HD 1080p) | Jack Mercer;2013-12-03T19:30:15Z;2269209;13266;1160;325
Popeye the Sailor;Qia-QoAmiVI;"Popeye the Sailor Meets Ali Baba's Forty Thieves" (1937) by Dave Fleischer;2016-04-01T18:40:26Z;114015;608;34;151
Popeye the Sailor;Sv7IH291KBo;POPEYE THE SAILOR MAN: Aladdin and His Wonderful Lamp (1939) (Remastered) (HD 1080p) | Margie Hines;2013-12-03T14:08:21Z;1597258;9163;681;658
Popeye the Sailor;1l9hdJJFCP0;POPEYE THE SAILOR MAN: Parlez Vous Woo (1956) (Remastered) (HD 1080p) | Jackson Beck, Jack Mercer;2013-12-03T19:43:11Z;1507457;6455;595;406
Tweety and Sylvester;PtzaMHjf_3Q;Looney Tunes | A Mouse Divided 1953;2020-01-13T13:45:00Z;68036;782;29;122
Tweety and Sylvester;4vq3GBAUiU4;Restored & Unreleased Sylvester & Tweety (PART 2) | Cartoon Compilation | The Looney Tunes Critic;2020-05-18T17:00:05Z;10646;99;16;58
Tweety and Sylvester;lGuFHxRZGfo;Evolution of SYLVESTER & TWEETY - 81 Years Explained | CARTOON EVOLUTION;2020-03-03T12:00:10Z;210726;3402;84;772
Tweety and Sylvester;CR1zv67q-O0;Sylvester Eats Tweety Bird;2018-05-11T01:10:18Z;38643;215;15;171
Tweety and Sylvester;w-tZef9gmug;I Tawt I Taw a Puddy Tat (Tweety Compilation);2018-02-09T03:59:58Z;1337696;6014;719;574
Tweety and Sylvester;S1gtzGjavPo;Tweety & Silvester 1;2013-08-18T00:22:07Z;95412;322;34;28
Tweety and Sylvester;gCvrzpNCtIQ;Tweety & Sylvester - Gift Wrapped: End Scene;2019-12-26T14:36:17Z;15926;186;6;24
Tweety and Sylvester;nV-1gZa_Uaw;Tweety and Sylvester talking bank classic commercial 1978;2008-02-11T03:46:54Z;17386;25;6;3
Tweety and Sylvester;F1zKo8MSL3A;Sylvester Junior compilation;2018-12-07T02:53:05Z;247320;2538;107;281
Tweety and Sylvester;tnlg3kOfbDQ;TWEETY ve SYLVESTER  √áƒ∞Zƒ∞Mƒ∞ (how to draw a tweety sylvester );2016-12-31T17:22:56Z;2327;27;5;6
Kim Possible;vvvHLoJIQEM;Kim Possible Green Eyed Jealousy;2019-05-16T06:27:55Z;1339290;23608;468;1255
Kim Possible;vQ84-ZNHagY;Sadie Stanley - Call Me, Beep Me! (From "Kim Possible");2019-01-26T01:55:00Z;16914986;222559;29747;19117
Kim Possible;XS3g_z7DHNU;Kim and Ron Cute Moments Season 4 + Movies;2018-09-15T06:40:02Z;1242776;19587;411;766
Kim Possible;5Y-X1Uz4NgU;Kim Possible - Theme Song | Disney+ Throwbacks | Disney+;2020-04-28T16:00:04Z;665995;11334;168;523
Kim Possible;iXRINVQvf50;Ron and Kim's first break up;2017-12-28T22:39:45Z;6281806;76619;1884;2362
Kim Possible;DrNJRF1jfqk;Kim and Shego Best Friends;2017-10-22T07:37:22Z;2654806;47852;623;3330
Kim Possible;a7wA_COV31w;Kim Possible "So the Drama" Final Fight Scene;2018-10-11T01:02:41Z;508933;6524;113;510
Kim Possible;HnMEXHdhWu0;Kim Possible - Kim x Ron Moments Part 1;2020-08-22T17:30:00Z;45672;698;34;35
Kim Possible;S3jCbFkvTHU;Kim Possible Origins: She Can do Anything!;2018-02-13T03:15:01Z;2128751;25474;551;938
Kim Possible;ZhHQezXh2g0;Kim Possible: Evil Ron all clips;2017-10-21T09:05:36Z;2231448;25282;770;2179
The Peanuts;iMHE6SE3y2E;The Peanuts Holiday Tradition is SAVED!;2020-11-19T20:01:38Z;34914;2406;13;653
The Peanuts;0po1VqOJ42w;THE PEANUTS MOVIE Clip - "Talent Show" (2015);2020-11-02T15:30:00Z;17869;233;4;22
The Peanuts;dAj2E-LY59w;107 Facts About The Peanuts You Should Know | Channel Frederator;2015-11-06T00:14:20Z;884285;8238;281;2162
The Peanuts;6yGJsCAk3Ws;THE PEANUTS MOVIE Clip - "Winter Dance" (2015);2020-11-04T15:00:05Z;14712;192;9;17
The Peanuts;BCT_-33K1aM;The Peanuts take over the FOX Sports set;2015-11-01T15:12:27Z;171820;995;66;55
The Peanuts;vaS9bI50uZs;65 YEARS IN 5 MINUTES: The History Of Peanuts (Snoopy & Charlie Brown);2015-10-20T19:00:08Z;835365;12607;495;802
The Peanuts;El7chqzwKlo;THE PEANUTS MOVIE Official Trailer 2 (2015);2015-06-17T06:18:11Z;1610244;5911;239;692
The Peanuts;QlqV3nm6Lrk;Peanuts Gang Singing "Barracuda" by: Heart;2014-12-30T22:13:18Z;931896;23455;605;704
The Peanuts;iu0qHwKY-B0;The End of the Peanuts Holiday Tradition;2020-10-20T19:00:37Z;126588;5259;204;3531
The Peanuts;2PbFVgjVWe0;The Peanuts Movie - Movie Review;2015-11-08T05:20:32Z;256323;10687;107;1170
Pinky and the Brain;TSGbLxbiODo;SCIENTIFICALLY ACCURATE‚Ñ¢ PINKY AND THE BRAIN;2015-03-16T13:03:52Z;27581527;161246;32725;8649
Pinky and the Brain;AsMXqJjn4pc;Pinky and the Brain Best Moments;2020-07-17T20:55:06Z;3989;43;2;13
Pinky and the Brain;6SvzpFCm8C4;Animaniacs (2020) Pinky and the Brain opening;2020-11-20T02:45:04Z;7588;292;1;50
Pinky and the Brain;pwlCzYzjYls;Pinky! Are You Pondering What I'm Pondering? p1;2012-01-01T04:12:49Z;1508747;4394;419;429
Pinky and the Brain;JTWHkKDJ6Ws;Pinky and the Brain Swearing;2014-08-06T19:59:38Z;673643;15136;405;1495
Pinky and the Brain;n9aYrURLHh0;A Meticulous Analysis of History;2011-12-27T02:04:26Z;3105004;25827;933;2724
Pinky and the Brain;z6gJW_UK260;Pinky and The Brain - Mouse of La Mancha;2019-06-23T22:43:51Z;7127;63;2;4
Pinky and the Brain;cWeExfh85cs;5iveLiveDOT x Louie Ray - Pinky And The Brain ( Dir. by Stackdior );2020-11-01T22:45:23Z;1703;61;1;6
Pinky and the Brain;e_mPrhwpZ-8;Pinky & The Brain Theme Song;2008-10-05T02:03:32Z;4541456;15757;475;1723
Pinky and the Brain;ml5H4dQkvMY;Rob Paulsen (Pinky and the Brain) Reviews Impressions of His Voices | Vanity Fair;2020-06-17T16:00:06Z;303621;11790;90;746
Ed, Edd n Eddy;dDsFRpa0vMc;Ed Edd n Eddy ALL Funniest Moments;2018-04-29T23:37:18Z;276473;3906;112;655
Ed, Edd n Eddy;SEG92Z_NGJE;J.I.D - EdEddnEddy (Official Video);2018-02-07T20:00:01Z;14207943;276156;6405;6475
Ed, Edd n Eddy;jQWZjVploT8;JAWBREAKER - (ed edd n eddy parody);2019-11-05T00:30:00Z;10099877;298424;4627;19083
Ed, Edd n Eddy;tuJr1EJ0ES4;Ed Edd N Eddy Behind the Scenes Documentary;2017-05-22T14:08:27Z;86081;2975;24;425
Ed, Edd n Eddy;nwF7KEfVv1c;Ed edd eddy;2018-07-07T05:06:11Z;6878;106;4;18
Ed, Edd n Eddy;7Lb8zdkIn2k;Prompto - Ed Edd n Eddy;2020-07-20T18:15:00Z;5854797;105000;1070;1686
Ed, Edd n Eddy;Lse7UeNtTOc;Ed Edd n Eddy - Having the Kankers' Ship-in-a-Bottle;2020-10-03T02:41:52Z;14106;327;4;59
Ed, Edd n Eddy;60XCymjxf2g;Ed Edd N Eddy /Chimpworld Scene;2020-10-18T14:49:23Z;8512;74;1;22
Ed, Edd n Eddy;3doYoyBwaEs;Ed Edd n Eddy/Double D scene;2020-10-02T15:18:22Z;16777;214;4;67
Ed, Edd n Eddy;QywFA7-7Zyc;Ed Edd N Eddy/ The Triple E Driving Course Scene;2020-11-04T18:07:37Z;4173;62;0;6
The Looney Tunes Show;5TNjyoRdDBc;Why The Looney Tunes Show Is The BEST REBOOT;2019-03-21T00:15:02Z;99423;4694;63;593
The Looney Tunes Show;Zh9OpBPNyDE;Looney Tunes Show: Good or Bad?;2015-08-25T20:00:00Z;839283;17851;383;2273
The Looney Tunes Show;kZVJSWb2XL8;The Looney Tunes Show: "That's all Folks!" Ending Compilation;2019-06-20T23:56:30Z;105241;950;30;237
The Looney Tunes Show;UiLFFkW1M04;The Looney Tunes Show S01E03 ENGLISH VERSION   PART 007;2020-09-05T20:58:24Z;319;0;0;1
The Looney Tunes Show;uaW0K8NjqPs;The Looney Tunes Show - The Shell Game (clip);2020-05-18T02:15:09Z;5915;97;2;83
The Looney Tunes Show;U5gGc1t45mM;LOONEY TUNES CARTOON COMPILATION Bugs Bunny, Daffy Duck, Porky Pig & More 4 Hours;2019-12-13T15:00:08Z;894623;4801;449;155
The Looney Tunes Show;o8vyfgsBiMg;Caffeine Bugs | The Looney Tunes Show | Comedy Kids;2015-10-11T15:42:43Z;361;3;0;1
The Looney Tunes Show;pGefgt6tYBQ;Looney Tunes Show at Comic-Con 2011;2011-07-26T16:20:28Z;43761;353;16;69
The Looney Tunes Show;thm438aw8dw;Looney Tunes Show Off Duty Cop Bugs gets probation on Spargle.;2020-10-10T16:35:39Z;2455;38;1;32
The Looney Tunes Show;H44-dMHLbts;What Happened To The Looney Tunes Show?;2019-07-26T18:35:29Z;13054;271;21;108
Spider-Man;J83RGzWcN_A;Spider Man: Miles Morales PS5 Gameplay Walkthrough, Part 3! (Ending);2020-11-21T04:00:04Z;409889;17704;291;235
Spider-Man;3Uv-E6pqXuE;Web Swinging Evolution in Spider-Man Games;2020-11-13T15:00:01Z;222985;4789;154;147
Spider-Man;zFrQAIE7kVc;Motorbike and Spider-Man! SPIDERMAN & Motorcycles on Cars Parkour Obstacles with Superheroes #102;2020-10-24T11:00:19Z;441861;1869;593;27
Spider-Man;2MtnNFcSwPk;The Problem With Spider-Man: Miles Morales;2020-11-20T20:09:51Z;38470;2862;191;605
Spider-Man;mq22dHLvMKU;Spider-Man: Miles Morales | 30 Easter Eggs and Secrets (PS4/PS5);2020-11-20T18:00:21Z;355022;13291;164;846
Spider-Man;qN3Y1DrMCX8;SPIDER-MAN MILES MORALES PS5 Walkthrough Gameplay Part 1 - INTRO (Playstation 5);2020-11-11T11:00:22Z;4943479;246659;2422;24311
Spider-Man;R3QRowVugMA;Peter Parker "Go, Web, Go" Scene | Spider-Man (2002) Movie Clip 4K;2020-05-03T01:15:02Z;1449847;11742;1038;375
Spider-Man;F3dNRDH2S9U;Spider Man: Miles Morales PS5 Gameplay Walkthrough, Part 1!;2020-11-13T22:57:34Z;2364875;80520;1342;2093
Spider-Man;x2voszREYQg;Spider-Man: Into the Spider-Verse Suit Reveal | Marvel‚Äôs Spider-Man: Miles Morales;2020-10-30T13:00:12Z;2302517;68139;1115;8256
Spider-Man;sF_0dFxSgpw;Unlocking GOLD SPIDERMAN Suit in Spider-Man Miles Morales PS5!;2020-11-16T18:13:34Z;2205483;80820;1078;12927
The Powerpuff Girls;W43mylyGw7A;The Powerpuff Girls Reboot Spectacular!;2016-03-05T23:30:00Z;17724162;350373;7065;31941
The Powerpuff Girls;1zCs7zYZK4g;Keeping Up With The Powerpuff Girls | Lele Pons;2016-05-04T20:08:37Z;24884971;438897;7919;21516
The Powerpuff Girls;t78rcYq-mk8;The Powerpuff Girls Season 06 Episode 09 a Nuthin' Special part 003;2017-10-19T00:00:04Z;44643;421;19;93
The Powerpuff Girls;PlpUABjD_p0;The Powerpuff Girls: Intro (Original) HD;2016-03-24T05:22:43Z;1088700;12381;284;983
The Powerpuff Girls;HBJyH8cj-B0;The Powerpuff Girls Get Arrested | Lele Pons;2016-06-08T20:53:59Z;34649800;449803;10250;11343
The Powerpuff Girls;CQ9FI71qn7k;The Powerpuff Girls Grown Up ‚ù§ My Arts ‚ù§ FAIRY TALE TV;2020-04-25T10:48:19Z;8291612;88244;9031;2045
The Powerpuff Girls;z6He9dNT6kY;The PowerPuff Girls' Deathbed;2017-10-17T11:27:20Z;23765482;64822;14670;6509
The Powerpuff Girls;RAnLaVGhCAY;The Powerpuff Girls Characters IN REAL LIFE 2020 üëâ@WANA Plus;2020-06-06T10:31:04Z;1893064;12892;1589;277
The Powerpuff Girls;CLhLsA2S0Bs;Powerpuff Girls' Funeral;2018-10-31T11:27:03Z;15996180;81475;13754;6258
The Powerpuff Girls;Chz1ILJo5KU;The Powerpuff Girls ‡∏û‡∏≤‡∏ß‡πÄ‡∏ß‡∏≠‡∏£‡πå‡∏û‡∏±‡∏ü‡∏ü‡πå‡πÄ‡∏Å‡∏¥‡∏•‡∏™‡πå | Highlight EP.51;2018-08-22T11:00:01Z;281863;3587;271;83
The Pink Panther Show;OYUcnAHDpZM;The Pink Panther Show Episode 38 - Pinkadilly Circus;2012-10-11T07:40:07Z;30576240;137620;18645;2431
The Pink Panther Show;bii-PIGprv8;The Pink Panther Show Original Opening HQ;2011-04-01T11:13:15Z;947207;5165;123;551
The Pink Panther Show;ALuQmS3diKQ;The Pink Panther Show Episode 57 - Pink Pest Control;2012-10-18T06:56:18Z;11587675;80780;10501;1158
The Pink Panther Show;WOreTQ3PMSM;The Pink Panther Show Lyric - From head to toe;2016-10-08T23:20:09Z;145977;1455;59;68
The Pink Panther Show;qHD_fmkO8ew;The Pink Panther Show Episode 78 - Pink Plasma;2012-10-18T09:49:16Z;1902590;6553;530;130
The Pink Panther Show;xVjZk3Mrw3o;The Pink Panther Show Episode 79 - Pink Elephant;2012-10-18T09:57:20Z;3019948;10890;1724;220
The Pink Panther Show;n035qnxxbO0;The Pink Panther Show Episode 20 - Smile Pretty, Say Pink;2012-09-10T07:19:50Z;7627329;41470;4997;702
The Pink Panther Show;9E0gMDwP6-8;The All New Pink Panther Show opening;2017-05-20T23:39:15Z;17023;81;4;7
The Pink Panther Show;7uYgOkOiZks;the new pink panther show-"p-i-n-k...;2008-11-10T17:36:52Z;60618;105;16;9
The Pink Panther Show;XuAsekTZ5wo;The Pink Panther Show Episode 01 sinhala cartoon fun Pink Breakfast;2017-11-24T04:01:48Z;45272;201;19;18
Garfield and Friends;PvUiaGyc94k;Garfield And Friends Season 5 Episode 14;2015-11-28T22:31:28Z;26620;183;8;17
Garfield and Friends;q4-0veZyLuI;Garfield And Friends Season 6 Episode 8;2015-11-28T22:32:42Z;39939;186;10;22
Garfield and Friends;jFzQ7i-f9p8;Garfield And Friends Season 8 Episode 21;2015-11-28T22:40:43Z;12652;65;4;2
Garfield and Friends;5Wu4JdWkvyI;Garfield And Friends Season 8 Episode 18;2015-11-28T22:40:27Z;17693;81;4;6
Garfield and Friends;XB1PnLqZUL8;Garfield And Friends Season 6 Episode 5;2015-11-28T22:32:24Z;14588;64;2;8
Garfield and Friends;AGEiQXFlu5o;tooth or dare  Garfield And Friends Season 5 Jim Davis cartoon;2012-04-29T14:24:43Z;34606;224;12;27
Garfield and Friends;9rrsNaMTe7g;Garfield and Friends Season 5 Episode 8 Canvas Back Cat   Make Believe Moon   The Creature that Live;2018-02-10T13:20:13Z;3174;16;0;4
Garfield and Friends;PeHD0MAAzas;Garfield and Friends - Some Funny Video of Jon Arbuckle;2020-05-18T06:41:08Z;2559;36;2;5
Garfield and Friends;94gw8DmcPuk;Garfield and Friends Season 4 Episode 2 Trial and Error   An Egg Citing Story   Supermarket Mania;2018-02-10T13:20:13Z;8713;28;9;4
Garfield and Friends;c6vL48DHcKw;Garfield and Friends Season 7 intro (Unsucky Quality!);2010-06-13T03:52:12Z;158747;615;73;405
Dragon Ball Z;krCoACMWzD8;Dragon Ball Z Full Movie HD (720) Full Movie English Sayan Invasion(Re-uploaded From SCABAB);2020-08-15T21:48:28Z;775972;9221;438;503
Dragon Ball Z;Tb7Fuq1OAgg;Dragon Ball Z: Light in the Darkness Movie (720p);2020-11-18T09:43:28Z;14798;548;8;66
Dragon Ball Z;zILNEeb6rgc;Dragon Ball Z: Namek Movie 720p;2020-09-07T07:15:58Z;86979;1078;48;70
Dragon Ball Z;31AGbqUMizc;Dragon Ball Super Universe Survival / Movie / 1080p;2020-03-21T13:56:53Z;1239307;14194;636;634
Dragon Ball Z;gHK6vDTkDZ4;Beerus (The HARDEST BOSS) In Dragon Ball Z: Kakarot DLC;2020-11-20T05:00:21Z;46196;2436;23;289
Dragon Ball Z;ObA3BiNAEO8;Tournament of power full fight HD English Dubbed | Dragon ball super Tournament of power;2020-04-29T04:33:38Z;3199920;37860;1598;4161
Dragon Ball Z;AXe-9PrpHZE;Dragonball Z Goku vs Broly Full Fight 1080p CRAZY;2020-06-16T22:20:41Z;436308;5366;405;743
Dragon Ball Z;rovLs3lIjyo;Dragon Ball Z: The Movie | Official trailer 2020 | BANDAI NAMCO CONCEPT;2020-06-04T14:29:20Z;6279124;65935;28288;6618
Dragon Ball Z;H5cMzGcEFJ0;Top 10 Dragon Ball Z Fights;2018-08-06T18:00:01Z;1842130;22334;1217;2673
Dragon Ball Z;dR3H0p7U8LA;Dragon Ball Z: Kakarot - Super Saiyan Blue Goku & Vegeta Vs Golden Freiza Boss Fight & Ending!;2020-11-17T17:00:12Z;43861;1398;21;152
Rugrats;EeiIHfpu9bw;Chuckie & Tommy‚Äôs Best Friendship Moments! üòÅ Rugrats BFFs | NickRewind;2019-09-11T10:00:03Z;364577;1673;253;174
Rugrats;68cQFc8aYbs;Dee Watkins - Rugrats (Official Music Video);2019-10-06T23:30:10Z;969565;29124;293;731
Rugrats;XB_nqX2FvyU;Top 10 Crazy Facts You Never Knew About Rugrats;2018-08-16T21:00:01Z;78791;1598;73;220
Rugrats;L1aWiU8jpJQ;Rugrats All Grown Up - Tommy is Grounded for Taking Stu's Medallion Without Asking;2020-11-07T01:21:48Z;5542;77;4;18
Rugrats;Vkhlr6RJgF4;The Best of Cynthia Pickles! üíñ Rugrats | NickRewind;2019-08-12T10:00:04Z;1560994;3551;544;337
Rugrats;4Oj7HDOX97M;Rugrats's Savage Moments;2018-12-22T01:03:42Z;79773;770;30;117
Rugrats;3fyWMYHjQzs;Rugrats: Search For Reptar - Longplay (PS1);2018-09-29T11:04:29Z;495211;3065;203;818
Rugrats;_gwd7xmob-c;The Mystery of the Malties Woodchuck | Rugrats | NickRewind;2019-04-10T10:00:05Z;111064;855;25;258
Rugrats;yw75jl5m308;Angelica‚Äôs First Love üíû Rugrats | NickRewind;2019-03-05T23:10:54Z;475334;4800;121;428
Rugrats;NXs8l0dQ1B8;The Saddest Moments on Rugrats! üò≠ | NickRewind;2019-09-18T10:00:05Z;354586;3155;133;457
The Scooby-Doo Show;459AgJSR3bQ;My Top 10: The Scooby-Doo Show Episodes  (1080p);2020-10-22T08:20:40Z;495;7;1;2
The Scooby-Doo Show;3u2EAfHmdbE;The Scooby   Doo Show the gang find Lisa in a coffin and capture the vampire and unmask him;2017-10-05T18:02:56Z;83665;435;20;63
The Scooby-Doo Show;PeZZsIZY8Qg;The Scooby Doo Show The Ozark Witch Switch 1977;2020-10-24T12:29:43Z;645;17;0;3
The Scooby-Doo Show;xE4avwUb6LI;The Scooby Doo Show: Monsters;2017-01-11T00:22:36Z;130714;342;38;24
The Scooby-Doo Show;4UG4UfJboXc;The Scooby Doo Show Mad Doctor first appearance;2019-07-06T22:16:59Z;8471;51;2;13
The Scooby-Doo Show;qlvSUNiGJvQ;The Scooby Doo show The Tar Monster gets unmasked;2018-04-05T21:51:05Z;6569;45;1;5
The Scooby-Doo Show;ekbwtceKP8U;The Scooby doo show all  doctor coffin scenes;2018-05-29T04:32:12Z;18202;140;6;23
The Scooby-Doo Show;UyZ7ztDw1uY;Unmasked The Scooby Doo Show The Ozark Witch Switch 1977;2020-11-14T13:06:21Z;233;7;0;3
The Scooby-Doo Show;-AnOrTm__x0;The Scooby doo show all the skeleton men scenes;2018-05-29T04:09:50Z;13738;66;4;14
The Scooby-Doo Show;hkP7bpGD4tI;The Scooby-Doo Show | O FantomƒÉ »òocantƒÉ (1);2019-07-11T20:35:03Z;16267;179;6;21
Batman: The Animated Series;rrmUk2YUm14;Batman: The Animated Series | Remastered Opening Titles | Warner Bros. Entertainment;2018-08-28T17:00:04Z;813363;19278;202;1124
Batman: The Animated Series;mWPK1UUNll8;Top 10 Best Batman: The Animated Series Episodes;2017-03-09T18:00:03Z;842789;14019;347;1753
Batman: The Animated Series;mJ4Vm8-vrP0;What Makes Batman: The Animated Series Great;2018-11-08T19:43:12Z;154581;6285;96;583
Batman: The Animated Series;dZLpDvQ6vFI;Batman The Animated Series | The Heart of Batman Documentary Livestream | Warner Bros. Entertainment;2020-06-17T01:46:50Z;812570;21596;309;1407
Batman: The Animated Series;mq5vNY_FJeE;Favorite Batman the Animated Series Moments;2016-01-27T04:10:22Z;1022020;10402;231;1140
Batman: The Animated Series;UYAnkdhe9KE;Honest Trailers - Batman: The Animated Series;2018-10-30T17:00:04Z;4006766;99102;1827;9629
Batman: The Animated Series;xs6qp3WBnOI;Favorite Joker Scenes (Batman: The Animated Series);2016-08-28T04:53:07Z;177846;2052;27;224
Batman: The Animated Series;nKfePD_ujwk;107 Batman: The Animated Series Facts YOU Should Know! - Cartoon Hangover;2015-07-24T00:28:13Z;1343899;23729;1045;2661
Batman: The Animated Series;N1L7KyAtA4A;Batman: The Animated Series "Animal Act" HD Remastered Clip;2020-09-26T14:09:52Z;824;25;0;2
Batman: The Animated Series;tB299P5N8Dg;Batman: The Animated Series "Chemistry" HD Remastered Clip;2020-10-24T13:45:29Z;1119;36;0;8
The Grim Adventures of Billy and Mandy;KSssfTZYWSk;Grim & Evil - (Billy & Mandy's Jacked Up Halloween/Read Description or Comments);2020-10-19T20:36:50Z;47441;1113;15;155
The Grim Adventures of Billy and Mandy;bcsAKiMLmDw;The Adult Jokes of The Grim Adventures of Billy & Mandy.;2020-10-21T18:43:49Z;5733;137;4;24
The Grim Adventures of Billy and Mandy;Pj7zGdqJOBo;Billy x Mandy Moments S1-S3;2016-11-21T02:25:58Z;325031;5136;256;1111
The Grim Adventures of Billy and Mandy;3vPgClUlERc;Billy and Mandy: DESTROY US ALL!!!;2017-11-25T02:26:38Z;57497;1414;19;257
The Grim Adventures of Billy and Mandy;vpLRJyWe814;Billy and Mandy - Brains Song;2015-08-03T13:14:26Z;1082915;17647;251;2133
The Grim Adventures of Billy and Mandy;-5396BA_ZBs;Billy and Mandy - Mandy Smiles;2020-08-06T00:23:06Z;39596;1005;8;158
The Grim Adventures of Billy and Mandy;j5kJ3gt6io8;Billy and Mandy's Grim Evolution (@RebelTaxi);2020-10-31T14:29:07Z;251310;15465;119;1558
The Grim Adventures of Billy and Mandy;r6-JlK04sDs;Computer Problems - The Grim Adventures of Billy and Mandy;2018-11-27T23:34:49Z;36534;1205;9;173
The Grim Adventures of Billy and Mandy;ozOBisymzk8;[the grim adventures of Billy and Mandy] duck sea do man;2016-08-09T09:19:08Z;14065;233;3;42
The Grim Adventures of Billy and Mandy;ROEOTCpiu1o;The Grim Adventures of Billy & Mandy - Yogi Bear;2019-10-18T03:58:07Z;27570;717;7;114
Danny Phantom;6JeSS_CODZ0;Danny and Sam's Relationship Timeline üñ§üëª Danny Phantom;2020-10-14T16:00:01Z;2083505;42246;813;1875
Danny Phantom;2djx83-4XNQ;"Danny Phantom" Theme Song (HQ) | Episode Opening Credits | Nick Animation;2016-05-26T17:24:10Z;14924267;172856;2691;12559
Danny Phantom;-ABUNW9l4ig;Future Danny Phantom is the Ultimate Nickelodeon Villain! (The Ultimate Enemy Halloween Rewatch);2020-10-31T22:30:30Z;350803;14423;295;1340
Danny Phantom;wI11ZXT1M34;Funny Danny Phantom-Clips;2013-02-03T19:13:47Z;2116092;15431;604;1598
Danny Phantom;f8AFub8R_ws;Every CANON Death in Danny Phantom Explained;2020-01-27T15:49:41Z;313053;9938;241;763
Danny Phantom;ckLsImca4IQ;VIDEOS de TERROR EXTREMO que SI TE ASUSTAS PIERDES 2020;2020-11-18T18:45:59Z;117622;5785;176;429
Danny Phantom;cYXwzzWYcNc;Will Danny Phantom Come Back? | Butch Hartman;2020-07-14T19:43:56Z;120302;9605;367;2936
Danny Phantom;rL3-e4e5UUk;8 'Danny Phantom' Jokes You Missed As A Kid!;2017-10-14T16:00:05Z;411257;6621;1307;962
Danny Phantom;CYtun0o5Jc0;Danny Phantom: Season Two (1/3) 2005;2012-03-13T01:14:51Z;2373000;8943;645;315
Danny Phantom;6IR9bhC9FUU;Danny Phantom Secret Identity Revealed 2;2020-11-18T20:09:22Z;680;20;0;12
Tiny Toon Adventures;FyIOPjOx7mQ;The Amazing Three - Tiny Toon Adventures (1/2);2020-07-04T18:30:27Z;28380;314;7;59
Tiny Toon Adventures;9dxEyXlXznI;Tiny Toons Adventures - Buster hits the gym;2020-07-25T20:47:09Z;5020;84;1;36
Tiny Toon Adventures;BpcHAFPK3Js;Tiny Toon Adventures - My Dinner With Elmyra (Part 2);2020-06-14T02:53:13Z;19729;219;7;108
Tiny Toon Adventures;r7EyfDKvLm8;Tiny Toon Adventures-Theme Variations;2015-06-18T20:08:13Z;1237502;4549;406;672
Tiny Toon Adventures;KeuQsryf4ew;Tiny Toon Adventures How I Spent My Vacation - Water blasters;2020-05-31T23:42:49Z;6855;85;3;9
Tiny Toon Adventures;t6YpUC2xGgM;Tiny Toon Adventures Theme - Made with Animal Crossing;2020-11-04T21:12:50Z;40281;1285;18;216
Tiny Toon Adventures;g8zxjTTXPBI;Tiny Toon Adventures (NES) Playthrough (No Death);2017-05-12T18:38:45Z;321572;3494;138;328
Tiny Toon Adventures;Cwx11WdcKbs;To Bleep Or Not To Bleep - Tiny Toon Adventures (1/2);2020-08-16T22:18:59Z;4216;57;1;16
Tiny Toon Adventures;-l6Glg2aIN8;Tiny Toons Adventures - My Dinner With Elmyra (Part 1);2020-06-14T01:03:35Z;14682;161;2;45
Tiny Toon Adventures;iK2B8PeIbVE;Tiny Toon Adventures How I Spent My Vacation (1992 movie clip) Trouble at the movies;2019-01-15T00:56:09Z;71004;628;15;313
Family Guy;EHHqLDr5tQA;Family Guy Season 11 episode 16 - 12 and a Half Angry Men Family Guy full;2020-10-07T16:30:10Z;175441;2246;190;177
Family Guy;IUKu0bNK_xU;Family Guy - Season 12 Episode 17 (Full Episode) No Cuts;2020-11-14T12:03:49Z;20401;250;33;19
Family Guy;_NTZYirWUkE;Family Guy Season 8 Ep. 15 - Megalodon vs JAWS Full Nocuts;2020-07-01T12:05:08Z;76690;889;71;49
Family Guy;sOug2Krj540;Family Guy Season 17 Episode 05 - Family Guy Full Episodes Nocuts HD;2020-09-23T00:30:10Z;279287;2140;146;135
Family Guy;M1kPBg0PtnA;Family Guy: Season 19  Episode 6 - Megs Wedding full episode no cuts HD;2020-11-16T18:51:29Z;19401;294;17;66
Family Guy;bDUlc5D_u_M;Family Guy Season 3 Episode 21 - Family Guy Full Episodes;2020-10-18T17:28:15Z;50021;650;50;39
Family Guy;crcGRmkcjcw;S4. Ep.19 Brian Sings and Swings  Family Guy Full Episode;2020-11-01T13:00:34Z;12185;150;7;15
Family Guy;sy-Epk_L8kQ;Family Guy - Christmas Guy Full Episodes;2020-08-29T20:30:23Z;62030;663;59;65
Family Guy;olNhH84bOIA;Family Guy Season 19 Episode 3 - Peter Grows Taller | Full Episode;2020-10-12T12:30:17Z;43547;1077;46;87
Family Guy;HCPM8XZVhBw;Family Guy Season 16 Episode 15 Full Nocuts;2020-11-20T18:31:29Z;92331;1317;68;58
The Magic School Bus;VyTr1J0Rz_Q;Magic School Bus Season 1 Episode 1 - Gets Lost in Space | Full Screen;2020-06-03T00:51:19Z;305400;1034;249;188
The Magic School Bus;hHdHZqTzbyE;ADULT MAGIC SCHOOL BUS;2016-02-26T20:00:02Z;15468747;241176;6764;17788
The Magic School Bus;42LynxXmlAQ;The Magic School Bus Season 3 Episode 10 -  Gets Planted | Full Screen;2020-06-11T14:29:49Z;100695;322;129;49
The Magic School Bus;pqHqSR6SOTc;The Evolution of The Magic School Bus Series | Channel Frederator;2018-01-31T20:00:03Z;247097;2626;183;829
The Magic School Bus;Gq8IGRDXwW4;ADULT MAGIC SCHOOL BUS VOSTFR;2016-02-28T20:00:01Z;94832;2972;45;186
The Magic School Bus;L6dJ_lSmKlo;The Magic School Bus Season 3 Episode 1 -  In a Beehive | Full Screen;2020-06-11T14:20:22Z;80974;139;44;16
The Magic School Bus;BVgm8ZyYByA;Behind The Scenes - The Magic School Bus Voice Actors;2018-06-02T17:35:13Z;111139;2597;24;391
The Magic School Bus;XIBS4BCOzvM;The Magic School Bus Season 3 Episode 7 - Makes a Rainbow | Full Screen;2020-06-11T14:24:18Z;40686;96;48;10
The Magic School Bus;e8J-aHwAMUU;The Magic School Bus Rides Again | Main Trailer | Netflix;2017-09-13T18:13:10Z;5396;23;6;1
The Magic School Bus;Rce6HTFBaFg;The Magic School Bus: The Movie Trailer (Fan-Made Parody);2012-11-08T17:01:14Z;2478355;27234;850;4216
Justice League;XIOU_k4mwDw;Justice League: Director‚Äôs Cut | Official Teaser Update | HBO Max;2020-11-17T18:30:21Z;2281219;116526;3818;10859
Justice League;IAGz2bDlwqA;The Final Battle [Part 1] | Justice League;2018-02-14T21:32:48Z;72406240;286359;29041;22439
Justice League;uC9qU3X1JgM;Superman vs Justice League  | Justice League (4k. HDR);2018-03-14T22:40:46Z;138537389;889009;78498;43506
Justice League;1ZRBL9PwG5E;JUSTICE LEAGUE: THE SNYDER CUT Trailer #2 | NEW (2021) Zack Snyder, HBO Max;2020-11-17T18:54:40Z;808897;21429;1178;2131
Justice League;3cxixDgHUYw;JUSTICE LEAGUE - Official Trailer 1;2017-03-25T15:00:01Z;38038891;436240;28605;66608
Justice League;vVEa1aPy7P4;Zack Snyder's Justice League Black And White Trailer | HBO MAX 2021 4k Ultra HD;2020-11-17T16:02:37Z;397594;10615;791;846
Justice League;44xlrlUvOiY;JUSTICE LEAGUE The Snyder Cut NEW Trailer (2021);2020-11-17T19:29:33Z;208640;7348;435;568
Justice League;oTXrl8H6luI;Zack Snyder's Justice League Teaser Trailer (2021) | Movieclips Trailers;2020-08-22T22:05:32Z;1177707;33463;1329;3101
Justice League;xy62MyYWnU4;JUSTICE LEAGUE "Tell Me, Do You Bleed?" Clip [HD] Henry Cavill, Ben Affleck, Gal Gadot;2018-07-10T15:29:28Z;23240217;81601;13313;3316
Justice League;VtNjbwE3cJo;ZACK SNYDER'S JUSTICE LEAGUE Official Trailer #2 [HD] Ben Affleck, Henry Cavill, Gal Gadot;2020-11-17T19:23:14Z;8885;257;37;43
Yogi Bear;EksC1yDDXWQ;Yogi's Great Escape;2020-09-28T00:00:02Z;7345;54;1;3
Yogi Bear;qL5qjeKRBKU;Yogi Bear *ADULT ONLY* VERY FUNNY! *NEW REMIX IN DESCRIPTION* RAY WILDE.;2011-02-18T17:33:33Z;4635662;28449;1861;1511
Yogi Bear;_DEatq2MwUY;THE YOGI BEAR SHOW: TV commercials & Bumpers (1961) (Remastered) (HD 1080p);2015-04-21T09:02:16Z;1301241;4091;404;311
Yogi Bear;cyEFNQFWBtY;Like I Like You From Hey There it's Yogi Bear;2010-03-31T05:11:35Z;1133268;3061;252;395
Yogi Bear;Jfi6LvGym2Y;Yogi Bear Evolution in Cartoons, Movies, Games & TV  (1958 - 2020);2020-07-16T19:08:16Z;9053;105;6;18
Yogi Bear;m6w0r-ScEG4;Yogi Bear Parody: "Booboo Kills Yogi" ending;2010-12-13T16:33:55Z;5759859;73650;5608;12928
Yogi Bear;eNB5YdSQRtc;Yogi Bear - Nostalgia Critic;2018-01-31T23:00:02Z;1778719;40996;797;7692
Yogi Bear;Vv4pREJgPf8;(NSFW) yogi bear song and lyrics;2010-05-08T23:58:31Z;1797657;11616;642;415
Yogi Bear;5-D4n9wqh2Y;The Yogi Bear & Booboo Jellystone Army of Ants;2020-01-22T23:32:03Z;5291;37;2;11
Yogi Bear;9iyYTz0Bh0Y;YOGI BEAR Official Movie Trailer;2010-07-29T22:35:06Z;71393;143;19;40
X-Men: The Animated Series;gh0KJImjkqc;X-Men: The Animated Series | Unofficial Official Trailer | Disney+;2020-10-28T00:43:37Z;242700;6206;93;689
X-Men: The Animated Series;I8BobmZglOk;Honest Trailers - X-Men: The Animated Series;2016-05-24T17:35:55Z;5615591;105501;1167;13662
X-Men: The Animated Series;5k1a26SWBJM;X-Men the Animated Series: Reunited (Cast Reunion);2020-10-26T15:56:36Z;7662;236;0;61
X-Men: The Animated Series;uBb-pAhYaYk;Does X-Men The Animated Series Hold Up?;2017-12-28T14:32:47Z;193737;9632;209;2590
X-Men: The Animated Series;eQPAIMCA-6I;X-Men Animated Series "Pryde of the X Men" Full Episode;2015-10-04T06:21:02Z;76096;1246;36;157
X-Men: The Animated Series;JORXr9uZwG8;107 X-Men: The Animated Series Facts YOU Should Know | Channel Frederator;2016-05-08T18:01:00Z;468622;6729;281;1465
X-Men: The Animated Series;lpd0ltxSxcs;What Happened to X-Men The Animated Series? | Comicstorian;2019-11-26T23:24:51Z;404994;13884;236;2674
X-Men: The Animated Series;_ETpY3fQvgE;10 Mind-Blowing Facts You Didn't Know About '90s X-Men Cartoon;2020-02-11T16:00:07Z;597053;10591;318;877
X-Men: The Animated Series;qlo6trBSZhU;S01E04  Deadly Reunions;2013-05-24T22:11:23Z;8927;132;1;36
X-Men: The Animated Series;gWts_5blT_I;X Men The Animated Series   WOLVERINE KICKS BUTT;2015-01-26T02:34:42Z;199353;1350;67;150
